Age,State,2006,2007,2008,2009,2010,2011,2012,2013,2014,2015,2016,2017,2018,2019,2020,2021,2022,2023,2024,2025,2026,2027,2028,2029,2030,2031
0,NSW,"6,024","6,243","6,147","6,161","6,182","6,240","6,348","6,376","6,212","6,423","6,597","6,466","6,639","6,805","6,974","7,142","7,309","7,466","7,614","7,756","7,895","8,043","8,179","8,302","8,410","8,517"
0,Vic,1255,"1,361","1,394","1,375","1,371","1,333","1,323","1,467","1,409","1,375","1,480","1,431","1,483","1,538","1,591","1,646","1,699","1,755","1,807","1,852","1,898","1,946","1,996","2,042","2,086","2,122"
0,QLD,"5,324","5,566","5,619","5,608","5,583","5,522","5,552","5,514","5,413","5,500","5,295","5,432","5,561","5,689","5,821","5,961","6,108","6,248","6,380","6,507","6,629","6,760","6,889","7,004","7,110","7,205"
0,SA,1007,980,1023,997,1053,1049,998,1037,986,993,986,992,"1,011","1,031","1,054","1,075","1,094","1,113","1,131","1,151","1,171","1,189","1,206","1,224","1,238","1,254"
0,WA,"2,391","2,306","2,362","2,354","2,257","2,264","2,208","2,272","2,317","2,292","2,300","2,304","2,345","2,379","2,418","2,461","2,504","2,542","2,578","2,610","2,640","2,671","2,701","2,727","2,750","2,767"
0,Tas,679,692,702,723,664,626,660,588,595,621,644,623,636,651,666,681,696,710,724,738,751,765,780,793,802,808
0,NT,"1,446","1,462","1,458","1,521","1,565","1,559","1,501","1,477","1,443","1,463","1,395","1,423","1,423","1,418","1,413","1,407","1,401","1,397","1,390","1,379","1,369","1,358","1,349","1,339","1,329","1,316"
0,ACT,158,155,148,157,170,155,157,187,173,175,178,178,184,190,198,203,209,216,223,230,238,243,249,255,261,268
1,NSW,"5,691","6,038","6,257","6,159","6,173","6,193","6,245","6,353","6,381","6,217","6,426","6,573","6,444","6,616","6,781","6,950","7,119","7,284","7,441","7,589","7,732","7,870","8,017","8,152","8,277","8,386"
1,Vic,"1,156",1244,"1,351","1,383","1,364","1,360","1,335","1,326","1,472","1,413","1,381","1,460","1,414","1,465","1,519","1,570","1,624","1,677","1,732","1,782","1,827","1,872","1,920","1,969","2,014","2,058"
1,QLD,"5,183","5,306","5,548","5,601","5,590","5,565","5,490","5,520","5,479","5,382","5,467","5,329","5,463","5,594","5,723","5,856","5,996","6,144","6,284","6,417","6,545","6,669","6,800","6,929","7,048","7,152"
1,SA,931,1008,980,1024,997,1055,1045,995,1034,981,989,994,"1,000","1,019","1,039","1,062","1,083","1,103","1,121","1,141","1,161","1,181","1,200","1,217","1,235","1,248"
1,WA,"2,137","2,387","2,301","2,357","2,349","2,252","2,272","2,216","2,281","2,327","2,301","2,279","2,282","2,322","2,359","2,397","2,439","2,483","2,521","2,556","2,587","2,616","2,648","2,679","2,702","2,726"
1,Tas,624,680,694,704,726,665,630,664,591,597,624,644,623,636,651,667,682,697,711,725,739,751,765,780,793,802
1,NT,"1,396","1,439","1,455","1,453","1,516","1,561","1,552","1,493","1,468","1,435","1,456","1,404","1,430","1,432","1,426","1,421","1,416","1,410","1,408","1,401","1,390","1,382","1,370","1,362","1,352","1,343"
1,ACT,145,158,155,148,157,170,156,158,190,175,177,172,174,179,184,193,198,203,210,217,223,231,236,242,247,253
2,NSW,"5,726","5,723","6,074","6,294","6,192","6,206","6,205","6,260","6,371","6,396","6,230","6,408","6,552","6,427","6,599","6,762","6,930","7,100","7,263","7,420","7,569","7,711","7,848","7,995","8,130","8,255"
2,Vic,"1,211","1,146","1,234","1,345","1,378","1,359","1,372","1,346","1,338","1,488","1,430","1,382","1,459","1,415","1,465","1,518","1,570","1,624","1,675","1,730","1,780","1,825","1,868","1,917","1,965","2,010"
2,QLD,"4,990","5,164","5,279","5,523","5,576","5,565","5,529","5,453","5,484","5,440","5,345","5,494","5,361","5,489","5,621","5,753","5,886","6,026","6,175","6,315","6,449","6,575","6,704","6,833","6,962","7,081"
2,SA,922,929,1008,976,1024,995,1047,1037,987,1027,973,991,996,"1,002","1,021","1,041","1,063","1,085","1,105","1,124","1,143","1,163","1,183","1,202","1,220","1,238"
2,WA,"2,051","2,127","2,379","2,291","2,348","2,339","2,266","2,287","2,229","2,295","2,343","2,288","2,267","2,269","2,309","2,345","2,385","2,425","2,469","2,508","2,541","2,574","2,603","2,634","2,665","2,687"
2,Tas,632,629,685,699,709,731,666,630,664,590,596,623,643,623,635,651,667,682,698,711,725,739,751,765,780,793
2,NT,"1,377","1,397","1,440","1,456","1,453","1,518","1,554","1,545","1,484","1,458","1,425","1,454","1,402","1,427","1,430","1,424","1,419","1,414","1,410","1,407","1,401","1,392","1,382","1,371","1,363","1,354"
2,ACT,138,141,154,150,142,152,176,161,163,197,180,177,171,174,179,184,192,197,202,209,216,221,229,235,241,246
3,NSW,"5,686","5,763","5,758","6,110","6,332","6,226","6,219","6,217","6,273","6,388","6,411","6,213","6,389","6,531","6,408","6,580","6,742","6,910","7,079","7,241","7,400","7,547","7,688","7,826","7,972","8,107"
3,Vic,"1,205","1,202","1,135","1,223","1,336","1,370","1,353","1,368","1,343","1,333","1,488","1,432","1,387","1,462","1,418","1,469","1,521","1,573","1,626","1,677","1,731","1,782","1,827","1,870","1,918","1,967"
3,QLD,"5,022","4,961","5,138","5,247","5,491","5,545","5,540","5,502","5,426","5,456","5,410","5,356","5,504","5,374","5,501","5,631","5,764","5,897","6,038","6,188","6,326","6,461","6,588","6,716","6,846","6,975"
3,SA,893,918,925,1004,971,1020,994,1047,1036,985,"1,026",975,993,998,"1,004","1,023","1,042","1,065","1,087","1,106","1,126","1,146","1,166","1,185","1,204","1,223"
3,WA,"2,114","2,042","2,119","2,373","2,283","2,342","2,348","2,275","2,296","2,238","2,303","2,348","2,294","2,273","2,274","2,315","2,351","2,391","2,430","2,476","2,515","2,547","2,581","2,611","2,642","2,670"
3,Tas,592,636,634,690,704,714,733,667,630,665,589,597,624,643,624,636,653,668,683,700,712,726,740,752,766,781
3,NT,"1,418","1,385","1,403","1,448","1,463","1,460","1,520","1,557","1,548","1,486","1,460","1,419","1,446","1,395","1,420","1,423","1,418","1,413","1,409","1,403","1,402","1,396","1,387","1,377","1,367","1,359"
3,ACT,129,135,139,153,148,140,153,177,162,164,199,178,176,171,173,178,183,191,197,202,208,215,219,227,233,240
4,NSW,"5,759","5,712","5,791","5,784","6,136","6,359","6,243","6,235","6,230","6,288","6,404","6,401","6,205","6,380","6,518","6,400","6,571","6,731","6,898","7,068","7,230","7,388","7,537","7,678","7,815","7,961"
4,Vic,"1,245","1,198","1,194","1,125","1,213","1,330","1,363","1,346","1,362","1,338","1,327","1,491","1,435","1,393","1,466","1,424","1,475","1,526","1,577","1,630","1,679","1,735","1,786","1,830","1,873","1,922"
4,QLD,"4,932","5,000","4,938","5,117","5,222","5,466","5,535","5,529","5,492","5,413","5,444","5,418","5,363","5,508","5,382","5,505","5,637","5,771","5,904","6,046","6,196","6,332","6,469","6,594","6,722","6,852"
4,SA,926,888,914,920,1000,966,1019,993,1046,1034,983,"1,021",971,989,994,"1,000","1,018","1,037","1,061","1,083","1,101","1,122","1,141","1,161","1,180","1,199"
4,WA,"2,147","2,110","2,037","2,115","2,370","2,277","2,334","2,339","2,266","2,287","2,230","2,311","2,355","2,303","2,283","2,283","2,322","2,359","2,400","2,439","2,486","2,525","2,557","2,591","2,622","2,652"
4,Tas,631,590,635,633,690,704,714,734,667,630,664,589,597,624,642,623,635,652,667,682,701,712,726,740,752,765
4,NT,"1,417","1,429","1,395","1,415","1,460","1,474","1,464","1,526","1,563","1,556","1,493","1,455","1,413","1,439","1,390","1,414","1,418","1,413","1,409","1,404","1,398","1,398","1,391","1,384","1,374","1,364"
4,ACT,121,127,133,137,152,147,140,153,179,163,165,196,175,173,168,170,175,181,188,193,198,204,210,214,222,229
5,NSW,"5,802","5,780","5,732","5,812","5,804","6,157","6,370","6,250","6,241","6,234","6,293","6,387","6,384","6,191","6,364","6,501","6,385","6,555","6,716","6,882","7,051","7,213","7,371","7,522","7,659","7,797"
5,Vic,1230,"1,240","1,191","1,187","1,115","1,204","1,321","1,354","1,338","1,354","1,330","1,322","1,483","1,428","1,389","1,458","1,418","1,467","1,518","1,569","1,623","1,671","1,726","1,776","1,821","1,863"
5,QLD,"5,082","4,913","4,984","4,918","5,101","5,202","5,460","5,530","5,522","5,486","5,405","5,445","5,421","5,367","5,510","5,387","5,508","5,642","5,775","5,907","6,050","6,200","6,336","6,472","6,598","6,727"
5,SA,906,920,882,909,915,994,970,1024,997,1051,"1,040",990,"1,028",978,995,"1,001","1,007","1,025","1,044","1,069","1,091","1,109","1,130","1,149","1,170","1,190"
5,WA,"2,102","2,144","2,107","2,033","2,113","2,369","2,267","2,325","2,330","2,257","2,278","2,242","2,323","2,364","2,314","2,295","2,295","2,333","2,371","2,413","2,452","2,500","2,539","2,571","2,606","2,636"
5,Tas,623,629,587,634,631,688,706,716,736,667,630,663,589,597,624,642,623,635,652,667,681,700,711,726,740,752
5,NT,"1,398","1,426","1,437","1,404","1,422","1,469","1,479","1,469","1,533","1,570","1,563","1,497","1,459","1,417","1,442","1,393","1,416","1,423","1,417","1,414","1,408","1,403","1,403","1,397","1,389","1,380"
5,ACT,119,121,129,135,140,155,145,139,153,181,165,160,192,169,167,164,165,169,175,181,186,191,197,202,206,213
6,NSW,"5,504","5,800","5,778","5,728","5,809","5,798","6,172","6,387","6,263","6,251","6,245","6,293","6,386","6,384","6,193","6,365","6,499","6,386","6,557","6,717","6,883","7,053","7,215","7,374","7,525","7,661"
6,Vic,"1,228","1,229","1,239","1,190","1,187","1,111","1,205","1,324","1,358","1,342","1,358","1,319","1,312","1,467","1,413","1,376","1,445","1,405","1,453","1,504","1,554","1,607","1,654","1,708","1,758","1,802"
6,QLD,"4,932","5,088","4,916","4,989","4,920","5,108","5,196","5,456","5,527","5,520","5,482","5,406","5,446","5,426","5,371","5,513","5,392","5,511","5,646","5,779","5,911","6,055","6,205","6,340","6,476","6,603"
6,SA,996,900,914,877,904,911,989,963,1017,989,"1,044","1,045",995,"1,033",983,"1,000","1,006","1,012","1,030","1,049","1,075","1,096","1,115","1,137","1,155","1,177"
6,WA,"2,106","2,101","2,144","2,106","2,032","2,112","2,357","2,255","2,313","2,318","2,245","2,279","2,244","2,324","2,365","2,315","2,297","2,297","2,334","2,373","2,415","2,453","2,501","2,540","2,573","2,608"
6,Tas,627,617,623,580,628,625,690,708,718,739,668,627,659,587,595,621,639,620,632,648,663,678,697,708,723,737
6,NT,"1,316","1,402","1,430","1,442","1,408","1,427","1,466","1,474","1,465","1,530","1,567","1,570","1,505","1,467","1,424","1,449","1,400","1,423","1,430","1,425","1,422","1,416","1,412","1,412","1,406","1,398"
6,ACT,132,120,124,132,139,144,158,146,141,156,186,161,157,189,165,164,161,161,165,171,177,182,186,192,197,201
7,NSW,"5,533","5,493","5,791","5,770","5,719","5,802","5,798","6,170","6,387","6,259","6,246","6,240","6,287","6,378","6,377","6,188","6,358","6,492","6,380","6,550","6,710","6,878","7,048","7,209","7,368","7,518"
7,Vic,1204,"1,226","1,227","1,238","1,186","1,184","1,117","1,212","1,334","1,369","1,354","1,343","1,306","1,298","1,451","1,398","1,364","1,430","1,391","1,439","1,488","1,538","1,591","1,637","1,690","1,739"
7,QLD,"4,674","4,942","5,099","4,925","4,999","4,928","5,107","5,192","5,452","5,525","5,517","5,482","5,408","5,450","5,432","5,375","5,516","5,397","5,514","5,649","5,783","5,914","6,058","6,209","6,343","6,480"
7,SA,950,992,895,909,872,899,906,984,957,1012,984,"1,051","1,052","1,003","1,040",991,"1,008","1,014","1,020","1,037","1,057","1,082","1,104","1,124","1,147","1,164"
7,WA,"1,998","2,110","2,104","2,147","2,109","2,035","2,109","2,355","2,253","2,310","2,316","2,256","2,290","2,255","2,334","2,373","2,324","2,306","2,307","2,343","2,383","2,425","2,463","2,511","2,550","2,584"
7,Tas,592,621,611,617,574,622,629,694,712,722,743,669,627,658,588,595,621,639,620,633,649,664,678,697,708,723
7,NT,"1,231","1,315","1,403","1,431","1,445","1,409","1,420","1,459","1,466","1,458","1,523","1,564","1,567","1,503","1,463","1,422","1,446","1,398","1,420","1,429","1,423","1,420","1,414","1,410","1,411","1,405"
7,ACT,151,137,122,126,135,144,147,162,147,143,159,186,161,157,189,165,164,161,161,165,171,177,182,186,192,198
8,NSW,"5,298","5,527","5,482","5,784","5,763","5,710","5,807","5,802","6,174","6,392","6,262","6,257","6,252","6,295","6,388","6,387","6,199","6,369","6,503","6,391","6,560","6,721","6,888","7,059","7,220","7,379"
8,Vic,"1,230",1199,"1,222","1,223","1,233","1,181","1,195","1,127","1,222","1,347","1,383","1,336","1,327","1,291","1,283","1,433","1,380","1,347","1,412","1,374","1,422","1,470","1,518","1,570","1,616","1,668"
8,QLD,"4,518","4,679","4,948","5,107","4,930","5,006","4,924","5,106","5,187","5,448","5,522","5,518","5,482","5,412","5,452","5,437","5,377","5,518","5,402","5,517","5,653","5,787","5,918","6,062","6,213","6,347"
8,SA,881,952,993,893,907,870,892,899,977,949,"1,004",988,"1,053","1,054","1,006","1,043",994,"1,011","1,015","1,021","1,040","1,059","1,085","1,109","1,128","1,151"
8,WA,"1,832","2,001","2,115","2,108","2,154","2,115","2,025","2,099","2,346","2,244","2,300","2,315","2,255","2,289","2,254","2,332","2,372","2,323","2,304","2,306","2,342","2,382","2,424","2,459","2,508","2,549"
8,Tas,569,586,616,605,611,568,622,629,695,713,723,744,671,629,660,590,597,623,641,622,635,651,666,681,700,710
8,NT,"1,213","1,229","1,315","1,404","1,432","1,447","1,411","1,421","1,461","1,466","1,458","1,520","1,560","1,562","1,497","1,458","1,418","1,441","1,394","1,416","1,423","1,417","1,416","1,410","1,406","1,407"
8,ACT,160,156,141,125,130,139,144,147,162,146,143,162,189,164,160,192,168,167,164,164,168,175,181,186,190,196
9,NSW,"5,155","5,302","5,530","5,481","5,786","5,764","5,700","5,797","5,792","6,164","6,380","6,265","6,261","6,256","6,299","6,391","6,390","6,202","6,371","6,505","6,394","6,565","6,726","6,894","7,063","7,224"
9,Vic,1160,"1,227",1195,"1,219","1,218","1,229","1,194","1,208","1,139","1,237","1,364","1,374","1,328","1,319","1,284","1,276","1,423","1,371","1,339","1,403","1,365","1,413","1,461","1,508","1,559","1,604"
9,QLD,"4,406","4,514","4,676","4,946","5,107","4,929","5,005","4,922","5,105","5,183","5,446","5,523","5,518","5,483","5,414","5,453","5,440","5,380","5,519","5,405","5,520","5,654","5,789","5,920","6,064","6,213"
9,SA,877,883,955,996,893,907,866,889,896,974,945,"1,007",992,"1,055","1,055","1,008","1,045",997,"1,014","1,018","1,024","1,042","1,060","1,088","1,112","1,131"
9,WA,"1,709","1,833","2,005","2,119","2,113","2,160","2,115","2,024","2,099","2,347","2,244","2,301","2,315","2,256","2,290","2,255","2,334","2,371","2,323","2,303","2,305","2,343","2,383","2,423","2,458","2,509"
9,Tas,525,565,580,612,599,605,566,620,627,694,711,723,744,672,630,661,591,599,624,642,623,636,652,667,682,702
9,NT,"1,192","1,210","1,226","1,313","1,405","1,432","1,451","1,416","1,425","1,463","1,469","1,452","1,513","1,552","1,553","1,489","1,450","1,410","1,435","1,388","1,409","1,415","1,409","1,408","1,404","1,400"
9,ACT,167,164,159,143,125,131,136,141,144,159,143,148,167,194,169,165,197,173,172,169,169,173,180,186,192,196
10,NSW,"4,999","5,165","5,310","5,539","5,484","5,792","5,760","5,695","5,793","5,788","6,160","6,389","6,278","6,273","6,269","6,312","6,402","6,402","6,214","6,383","6,514","6,408","6,578","6,739","6,906","7,076"
10,Vic,1170,1161,"1,229",1194,"1,218","1,217","1,237","1,202","1,216","1,145","1,243","1,359","1,371","1,323","1,315","1,282","1,274","1,418","1,367","1,336","1,399","1,360","1,409","1,456","1,503","1,553"
10,QLD,"4,321","4,397","4,504","4,665","4,938","5,100","4,927","5,005","4,922","5,105","5,180","5,448","5,522","5,519","5,484","5,416","5,454","5,443","5,382","5,521","5,409","5,521","5,656","5,791","5,923","6,067"
10,SA,879,878,883,957,999,892,904,863,886,893,972,940,"1,001",986,"1,048","1,047","1,001","1,039",990,"1,008","1,012","1,018","1,035","1,054","1,081","1,105"
10,WA,"1,880","1,706","1,831","2,005","2,119","2,114","2,158","2,113","2,022","2,098","2,348","2,239","2,295","2,309","2,251","2,284","2,250","2,328","2,364","2,315","2,296","2,298","2,337","2,376","2,416","2,450"
10,Tas,523,522,563,578,611,598,603,564,618,625,694,709,721,742,670,628,659,589,597,622,640,621,634,650,666,681
10,NT,"1,311","1,191","1,210","1,224","1,313","1,406","1,439","1,458","1,421","1,431","1,468","1,471","1,453","1,515","1,552","1,552","1,489","1,451","1,412","1,436","1,390","1,410","1,415","1,410","1,409","1,406"
10,ACT,181,168,165,161,144,124,126,131,136,139,154,145,150,169,196,171,167,198,175,174,171,171,175,182,188,194
11,NSW,"5,089","5,005","5,174","5,318","5,547","5,489","5,780","5,747","5,682","5,780","5,774","6,166","6,397","6,287","6,282","6,278","6,320","6,408","6,410","6,225","6,390","6,521","6,416","6,585","6,748","6,915"
11,Vic,1238,1171,1163,"1,232",1193,"1,219","1,220","1,241","1,206","1,220","1,147","1,247","1,363","1,375","1,328","1,320","1,287","1,280","1,422","1,370","1,341","1,403","1,365","1,413","1,460","1,509"
11,QLD,"4,294","4,311","4,388","4,494","4,655","4,928","5,101","4,926","5,005","4,921","5,107","5,185","5,449","5,522","5,519","5,487","5,419","5,456","5,447","5,385","5,525","5,414","5,524","5,659","5,793","5,926"
11,SA,865,884,883,887,963,1005,897,908,868,891,898,969,937,998,982,"1,044","1,042",998,"1,036",987,"1,004","1,008","1,014","1,032","1,051","1,077"
11,WA,"1,840","1,875","1,699","1,826","2,002","2,117","2,119","2,164","2,118","2,026","2,103","2,350","2,242","2,298","2,312","2,256","2,289","2,255","2,332","2,365","2,318","2,300","2,301","2,341","2,379","2,419"
11,Tas,545,521,520,562,577,610,600,605,565,620,627,693,708,719,741,669,627,657,587,595,620,638,620,633,649,665
11,NT,"1,367","1,313","1,189","1,208","1,222","1,312","1,403","1,438","1,457","1,421","1,430","1,456","1,460","1,443","1,504","1,538","1,538","1,477","1,439","1,401","1,425","1,378","1,397","1,403","1,398","1,396"
11,ACT,185,182,170,166,162,144,121,123,128,133,136,151,142,147,166,191,168,163,193,171,170,167,168,171,178,183
12,NSW,"4,846","5,098","5,012","5,186","5,329","5,558","5,479","5,771","5,739","5,672","5,770","5,774","6,166","6,394","6,286","6,283","6,281","6,321","6,407","6,411","6,224","6,390","6,520","6,415","6,584","6,747"
12,Vic,1172,1233,1164,1157,"1,227",1186,"1,213","1,215","1,236","1,200","1,216","1,155","1,253","1,368","1,380","1,334","1,327","1,294","1,287","1,428","1,375","1,348","1,409","1,372","1,419","1,466"
12,QLD,"4,166","4,281","4,300","4,378","4,482","4,644","4,927","5,101","4,922","5,005","4,919","5,119","5,201","5,465","5,538","5,534","5,504","5,435","5,472","5,464","5,403","5,540","5,432","5,540","5,676","5,810"
12,SA,829,870,890,889,893,969,1009,899,911,870,894,899,970,939,999,983,"1,044","1,042",999,"1,036",987,"1,005","1,008","1,014","1,032","1,051"
12,WA,"1,913","1,838","1,875","1,696","1,824","2,002","2,114","2,116","2,161","2,115","2,022","2,111","2,357","2,252","2,308","2,321","2,266","2,298","2,264","2,341","2,373","2,326","2,308","2,310","2,350","2,389"
12,Tas,488,543,519,519,561,576,612,602,607,566,622,623,688,702,713,735,663,623,652,583,591,616,635,616,629,646
12,NT,"1,387","1,370","1,315","1,187","1,207","1,221","1,321","1,412","1,449","1,468","1,432","1,409","1,436","1,440","1,423","1,483","1,514","1,514","1,455","1,417","1,380","1,404","1,356","1,375","1,381","1,375"
12,ACT,172,188,185,172,168,163,147,123,125,131,135,130,144,136,140,159,182,161,156,184,164,162,159,161,164,170
13,NSW,"4,687","4,849","5,103","5,018","5,195","5,336","5,559","5,478","5,769","5,738","5,669","5,758","5,764","6,154","6,381","6,276","6,273","6,272","6,310","6,396","6,400","6,215","6,378","6,507","6,403","6,573"
13,Vic,1180,1167,1228,1158,1151,"1,222",1181,"1,208","1,208","1,231","1,194","1,224","1,165","1,261","1,374","1,387","1,341","1,334","1,303","1,296","1,434","1,381","1,357","1,417","1,381","1,427"
13,QLD,"4,108","4,145","4,259","4,280","4,360","4,463","4,628","4,910","5,086","4,904","4,990","4,938","5,136","5,221","5,485","5,557","5,554","5,524","5,456","5,492","5,486","5,424","5,560","5,454","5,561","5,697"
13,SA,827,832,873,894,893,897,969,1011,899,911,869,906,911,982,952,"1,012",996,"1,056","1,054","1,012","1,049","1,000","1,018","1,020","1,026","1,045"
13,WA,"1,878","1,920","1,844","1,881","1,700","1,830","1,993","2,105","2,108","2,153","2,107","2,030","2,118","2,365","2,262","2,316","2,329","2,277","2,308","2,272","2,349","2,380","2,334","2,317","2,319","2,359"
13,Tas,441,487,543,518,518,561,580,616,606,611,570,617,618,683,697,708,730,658,618,647,578,586,611,630,611,624
13,NT,"1,418","1,395","1,376","1,320","1,189","1,208","1,236","1,337","1,430","1,469","1,489","1,402","1,378","1,406","1,410","1,392","1,451","1,479","1,479","1,422","1,386","1,348","1,372","1,324","1,342","1,347"
13,ACT,187,175,191,188,175,171,170,153,129,130,137,132,128,141,133,137,156,179,158,153,180,161,159,156,158,161
14,NSW,"4,517","4,683","4,846","5,101","5,015","5,196","5,347","5,571","5,487","5,779","5,748","5,655","5,743","5,748","6,136","6,363","6,259","6,258","6,255","6,293","6,378","6,384","6,200","6,362","6,489","6,386"
14,Vic,1188,1176,1162,1224,1152,1145,"1,217",1174,"1,200","1,199","1,225","1,196","1,225","1,169","1,264","1,376","1,388","1,344","1,337","1,307","1,300","1,435","1,383","1,361","1,419","1,385"
14,QLD,"3,909","4,096","4,133","4,247","4,269","4,352","4,441","4,606","4,889","5,066","4,881","5,019","4,968","5,164","5,256","5,517","5,590","5,585","5,558","5,490","5,525","5,520","5,458","5,593","5,490","5,595"
14,SA,788,821,826,868,889,888,887,959,1000,887,899,883,919,925,996,966,"1,026","1,009","1,069","1,067","1,026","1,062","1,014","1,032","1,033","1,039"
14,WA,"1,837","1,891","1,933","1,855","1,893","1,709","1,820","1,984","2,096","2,097","2,143","2,106","2,028","2,116","2,360","2,260","2,311","2,326","2,275","2,305","2,268","2,345","2,373","2,328","2,313","2,313"
14,Tas,374,437,484,541,516,516,565,584,621,611,616,566,613,614,678,692,703,725,654,614,643,574,582,607,626,607
14,NT,"1,376","1,422","1,398","1,378","1,322","1,187","1,232","1,260","1,365","1,461","1,499","1,458","1,374","1,349","1,378","1,382","1,365","1,422","1,448","1,447","1,392","1,357","1,319","1,342","1,295","1,313"
14,ACT,172,196,184,199,197,184,175,174,156,131,132,138,133,129,141,134,139,157,179,159,154,181,162,160,157,159
15,NSW,"4,391","4,506","4,671","4,836","5,092","5,006","5,211","5,360","5,588","5,498","5,792","5,735","5,645","5,730","5,736","6,122","6,348","6,246","6,246","6,243","6,280","6,365","6,372","6,188","6,348","6,473"
15,Vic,1187,1191,1177,1163,1226,1151,1142,"1,216",1172,"1,197","1,195","1,230","1,203","1,230","1,176","1,269","1,380","1,393","1,350","1,343","1,313","1,307","1,441","1,388","1,367","1,424"
15,QLD,"3,902","3,904","4,091","4,128","4,241","4,264","4,319","4,408","4,571","4,856","5,032","4,907","5,041","4,993","5,187","5,284","5,543","5,615","5,610","5,585","5,518","5,550","5,547","5,483","5,619","5,517"
15,SA,767,777,809,815,857,879,878,875,947,988,874,916,900,935,942,"1,013",984,"1,043","1,027","1,087","1,085","1,044","1,079","1,032","1,050","1,050"
15,WA,"1,908","1,844","1,898","1,940","1,862","1,902","1,706","1,819","1,983","2,096","2,098","2,137","2,099","2,022","2,108","2,351","2,252","2,302","2,317","2,267","2,295","2,259","2,335","2,362","2,319","2,305"
15,Tas,399,370,434,481,538,513,520,569,588,625,615,617,567,614,615,678,692,703,725,654,615,643,575,583,608,627
15,NT,"1,412","1,384","1,431","1,405","1,383","1,326","1,210","1,255","1,283","1,391","1,489","1,461","1,421","1,338","1,314","1,342","1,347","1,331","1,386","1,410","1,409","1,356","1,320","1,285","1,306","1,261"
15,ACT,190,179,204,191,208,206,185,176,174,157,130,134,140,136,131,144,138,143,160,182,162,158,185,166,164,161
16,NSW,"4,068","4,385","4,502","4,668","4,834","5,090","5,013","5,222","5,370","5,600","5,504","5,787","5,730","5,641","5,724","5,732","6,116","6,342","6,242","6,242","6,240","6,275","6,359","6,366","6,183","6,342"
16,Vic,1144,1185,1190,1174,1159,1223,1147,1137,"1,212",1167,"1,193","1,192","1,226","1,200","1,224","1,172","1,265","1,374","1,388","1,347","1,339","1,310","1,304","1,434","1,381","1,363"
16,QLD,"3,712","3,901","3,903","4,090","4,128","4,242","4,235","4,291","4,379","4,542","4,827","5,052","4,928","5,060","5,013","5,204","5,307","5,565","5,636","5,632","5,606","5,542","5,571","5,572","5,506","5,641"
16,SA,672,755,765,798,803,846,865,864,861,932,972,884,926,911,946,953,"1,025",995,"1,054","1,038","1,098","1,095","1,055","1,090","1,044","1,062"
16,WA,"1,851","1,910","1,845","1,898","1,940","1,862","1,905","1,708","1,822","1,987","2,101","2,085","2,123","2,085","2,009","2,095","2,334","2,237","2,286","2,301","2,251","2,278","2,243","2,318","2,344","2,300"
16,Tas,387,394,365,429,477,533,513,520,569,587,624,617,619,569,616,617,679,693,704,726,656,618,646,578,586,611
16,NT,"1,348","1,422","1,393","1,439","1,412","1,388","1,357","1,238","1,283","1,312","1,423","1,469","1,441","1,402","1,322","1,296","1,324","1,331","1,314","1,367","1,391","1,389","1,337","1,303","1,268","1,289"
16,ACT,184,196,184,211,198,215,204,183,174,171,155,132,137,142,138,134,147,141,146,162,184,164,161,188,169,167
17,NSW,"3,730","4,061","4,378","4,497","4,662","4,829","5,090","5,014","5,227","5,372","5,602","5,496","5,778","5,721","5,635","5,715","5,725","6,107","6,332","6,233","6,235","6,234","6,266","6,350","6,358","6,176"
17,Vic,1079,1144,1183,1189,1171,1156,1228,1150,1140,"1,217","1,170","1,199","1,199","1,233","1,205","1,228","1,180","1,271","1,378","1,393","1,354","1,345","1,318","1,312","1,439","1,387"
17,QLD,"3,441","3,709","3,899","3,902","4,090","4,128","4,214","4,209","4,265","4,352","4,515","4,818","5,041","4,920","5,048","5,002","5,189","5,298","5,551","5,622","5,618","5,594","5,529","5,559","5,562","5,494"
17,SA,630,664,747,755,790,795,836,855,855,852,922,981,895,936,921,957,963,"1,035","1,007","1,066","1,049","1,109","1,106","1,067","1,101","1,056"
17,WA,"1,791","1,850","1,909","1,843","1,897","1,939","1,871","1,914","1,715","1,830","1,997","2,101","2,087","2,123","2,087","2,011","2,096","2,332","2,239","2,286","2,301","2,251","2,278","2,243","2,318","2,341"
17,Tas,338,384,391,362,426,474,532,512,519,568,586,623,616,618,568,615,616,677,692,702,724,655,618,645,578,586
17,NT,"1,327","1,359","1,434","1,404","1,449","1,421","1,404","1,372","1,250","1,295","1,327","1,411","1,454","1,426","1,388","1,310","1,284","1,313","1,320","1,305","1,355","1,378","1,375","1,325","1,291","1,258"
17,ACT,179,185,197,185,212,199,214,203,182,174,169,162,140,145,150,146,142,156,151,155,171,191,173,169,195,177
18,NSW,"3,507","3,725","4,059","4,377","4,498","4,662","4,827","5,091","5,015","5,234","5,378","5,576","5,477","5,756","5,702","5,616","5,694","5,706","6,085","6,308","6,213","6,214","6,214","6,245","6,328","6,335"
18,Vic,991,1069,1132,1171,1177,1156,1151,1224,1145,"1,134","1,213","1,181","1,210","1,214","1,245","1,219","1,241","1,195","1,286","1,392","1,406","1,370","1,360","1,334","1,328","1,453"
18,QLD,"3,183","3,439","3,708","3,897","3,901","4,090","4,128","4,212","4,209","4,265","4,352","4,504","4,801","5,021","4,902","5,029","4,984","5,166","5,277","5,528","5,599","5,595","5,572","5,508","5,536","5,542"
18,SA,676,630,663,747,755,791,784,826,845,845,841,932,992,907,948,932,968,974,"1,048","1,021","1,079","1,061","1,120","1,118","1,080","1,114"
18,WA,"1,751","1,792","1,850","1,908","1,841","1,896","1,936","1,867","1,911","1,710","1,825","2,004","2,107","2,095","2,129","2,092","2,017","2,102","2,336","2,246","2,291","2,307","2,258","2,284","2,250","2,322"
18,Tas,342,338,384,392,362,427,475,533,513,520,569,577,612,605,607,559,604,605,666,681,691,713,645,608,635,570
18,NT,"1,284","1,336","1,368","1,443","1,412","1,457","1,434","1,415","1,382","1,257","1,303","1,325","1,408","1,448","1,421","1,382","1,307","1,282","1,312","1,319","1,304","1,352","1,374","1,370","1,321","1,289"
18,ACT,169,175,181,192,180,207,195,210,198,177,168,180,175,155,159,165,161,157,171,167,171,187,206,189,184,209
19,NSW,"3,312","3,519","3,737","4,073","4,394","4,518","4,670","4,837","5,103","5,026","5,252","5,338","5,536","5,444","5,719","5,665","5,582","5,658","5,672","6,046","6,266","6,178","6,178","6,178","6,208","6,288"
19,Vic,918,981,1059,1123,1161,1167,1145,1138,"1,213",1133,"1,122","1,227","1,197","1,228","1,234","1,263","1,237","1,259","1,216","1,306","1,413","1,426","1,391","1,383","1,357","1,353"
19,QLD,"2,985","3,173","3,432","3,702","3,889","3,893","4,096","4,134","4,217","4,217","4,274","4,337","4,489","4,779","4,996","4,880","5,002","4,960","5,136","5,251","5,499","5,568","5,566","5,544","5,481","5,508"
19,SA,627,676,629,661,745,755,779,771,813,832,832,851,939,"1,000",917,958,942,977,983,"1,058","1,031","1,089","1,071","1,129","1,127","1,090"
19,WA,"1,762","1,745","1,785","1,841","1,899","1,832","1,889","1,929","1,858","1,903","1,699","1,838","2,015","2,118","2,107","2,140","2,103","2,029","2,114","2,347","2,259","2,303","2,319","2,271","2,297","2,262"
19,Tas,325,345,341,388,395,364,433,483,541,521,528,560,569,603,597,598,552,595,596,655,670,680,702,635,599,625
19,NT,"1,317","1,291","1,342","1,373","1,449","1,415","1,463","1,440","1,418","1,384","1,256","1,308","1,333","1,412","1,452","1,425","1,388","1,314","1,290","1,321","1,330","1,313","1,360","1,381","1,374","1,327"
19,ACT,166,162,167,171,182,169,198,185,202,189,167,180,191,188,169,174,178,175,172,187,185,188,203,220,205,201
20,NSW,"3,227","3,329","3,539","3,759","4,097","4,424","4,538","4,691","4,860","5,129","5,050","5,193","5,282","5,479","5,393","5,663","5,610","5,531","5,604","5,619","5,987","6,205","6,122","6,122","6,123","6,150"
20,Vic,904,905,967,1048,1112,1147,1154,1129,1120,"1,196","1,115","1,138","1,240","1,214","1,246","1,253","1,281","1,256","1,276","1,238","1,327","1,431","1,444","1,413","1,405","1,380"
20,QLD,"2,945","2,966","3,156","3,418","3,687","3,871","3,901","4,106","4,144","4,225","4,227","4,271","4,338","4,489","4,775","4,989","4,877","4,994","4,953","5,125","5,245","5,492","5,558","5,558","5,536","5,474"
20,SA,640,627,677,627,658,743,745,768,760,802,822,832,851,936,997,917,957,941,976,981,"1,056","1,030","1,087","1,069","1,125","1,124"
20,WA,"1,704","1,756","1,739","1,777","1,831","1,888","1,819","1,875","1,917","1,845","1,889","1,708","1,845","2,020","2,122","2,112","2,144","2,107","2,035","2,119","2,349","2,265","2,307","2,325","2,277","2,302"
20,Tas,362,330,349,344,392,400,368,439,489,549,529,521,552,562,594,588,589,545,586,587,645,659,669,691,626,590
20,NT,"1,399","1,326","1,299","1,348","1,378","1,454","1,415","1,461","1,438","1,412","1,379","1,277","1,331","1,356","1,434","1,475","1,447","1,409","1,338","1,314","1,349","1,358","1,343","1,385","1,406","1,398"
20,ACT,158,161,154,159,163,173,159,190,175,193,180,180,191,203,201,184,188,192,190,188,203,203,206,219,235,222
21,NSW,"3,096","3,257","3,360","3,573","3,796","4,139","4,460","4,578","4,729","4,902","5,175","5,010","5,150","5,240","5,435","5,356","5,621","5,568","5,492","5,564","5,582","5,946","6,161","6,082","6,083","6,084"
21,Vic,882,901,902,965,1050,1112,1132,1140,1113,1102,"1,178","1,129","1,154","1,252","1,230","1,263","1,272","1,298","1,274","1,293","1,258","1,348","1,450","1,463","1,434","1,427"
21,QLD,"2,782","2,912","2,936","3,128","3,390","3,660","3,864","3,895","4,101","4,140","4,217","4,227","4,272","4,341","4,491","4,774","4,983","4,875","4,987","4,948","5,116","5,240","5,485","5,551","5,551","5,531"
21,SA,605,637,624,674,620,651,742,742,766,758,800,810,820,840,922,981,904,944,927,962,966,"1,040","1,016","1,070","1,053","1,108"
21,WA,"1,549","1,692","1,746","1,726","1,761","1,813","1,881","1,811","1,867","1,909","1,836","1,895","1,715","1,852","2,025","2,126","2,118","2,147","2,114","2,040","2,125","2,353","2,271","2,312","2,330","2,282"
21,Tas,344,368,333,353,348,397,405,371,445,496,557,521,514,544,554,585,579,580,537,577,578,635,648,658,679,615
21,NT,"1,239","1,404","1,327","1,298","1,347","1,375","1,439","1,399","1,444","1,419","1,392","1,408","1,308","1,363","1,389","1,466","1,507","1,480","1,441","1,372","1,348","1,384","1,397","1,382","1,421","1,441"
21,ACT,144,155,159,150,155,157,162,148,179,162,181,181,179,189,203,201,187,191,194,193,190,205,206,209,223,237
22,NSW,"3,074","3,122","3,283","3,388","3,603","3,829","4,161","4,486","4,608","4,759","4,934","5,151","4,991","5,127","5,218","5,412","5,343","5,602","5,550","5,479","5,547","5,566","5,927","6,140","6,067","6,067"
22,Vic,790,871,889,889,954,1039,1100,1118,1127,1097,"1,084","1,194","1,146","1,171","1,266","1,248","1,282","1,293","1,318","1,295","1,312","1,281","1,372","1,471","1,484","1,456"
22,QLD,"2,706","2,761","2,888","2,912","3,107","3,371","3,654","3,855","3,888","4,094","4,134","4,221","4,231","4,274","4,347","4,498","4,774","4,982","4,876","4,982","4,946","5,111","5,241","5,483","5,548","5,549"
22,SA,571,604,635,623,673,616,658,751,750,774,767,782,791,801,821,900,959,884,922,905,940,944,"1,015",994,"1,045","1,030"
22,WA,"1,552","1,542","1,686","1,742","1,719","1,752","1,806","1,873","1,802","1,858","1,900","1,851","1,906","1,730","1,866","2,038","2,137","2,130","2,159","2,126","2,054","2,137","2,362","2,284","2,324","2,342"
22,Tas,326,349,372,336,357,351,403,411,377,452,505,546,512,504,534,543,573,567,569,527,565,566,621,634,644,664
22,NT,"1,227","1,238","1,406","1,326","1,295","1,344","1,352","1,415","1,372","1,417","1,391","1,396","1,411","1,313","1,368","1,395","1,469","1,511","1,483","1,444","1,378","1,355","1,392","1,405","1,390","1,428"
22,ACT,133,141,154,157,145,151,155,160,145,177,158,185,184,182,191,205,205,192,196,199,198,195,211,214,216,229
23,NSW,"2,981","3,105","3,152","3,313","3,420","3,640","3,834","4,167","4,493","4,620","4,770","4,926","5,141","4,985","5,118","5,211","5,404","5,346","5,599","5,549","5,480","5,545","5,564","5,922","6,135","6,068"
23,Vic,768,773,859,874,875,941,1026,1085,1101,1111,"1,077","1,103","1,211","1,164","1,188","1,282","1,266","1,300","1,314","1,339","1,315","1,332","1,304","1,395","1,493","1,506"
23,QLD,"2,677","2,695","2,749","2,872","2,897","3,093","3,360","3,644","3,843","3,877","4,087","4,145","4,236","4,246","4,286","4,362","4,515","4,786","4,991","4,888","4,991","4,957","5,118","5,253","5,493","5,557"
23,SA,546,569,602,634,620,672,628,670,767,765,788,750,765,773,784,803,880,937,864,900,884,917,922,994,974,"1,022"
23,WA,"1,464","1,541","1,530","1,676","1,733","1,706","1,740","1,794","1,860","1,788","1,842","1,909","1,862","1,914","1,740","1,877","2,046","2,146","2,140","2,168","2,134","2,064","2,146","2,369","2,293","2,333"
23,Tas,335,329,352,376,338,360,358,411,419,385,461,488,529,495,487,516,525,554,549,550,511,546,548,600,612,622
23,NT,"1,161","1,226","1,236","1,406","1,324","1,290","1,344","1,350","1,413","1,368","1,413","1,385","1,392","1,406","1,312","1,366","1,393","1,464","1,505","1,478","1,439","1,376","1,353","1,390","1,404","1,388"
23,ACT,123,127,134,148,152,137,148,152,157,139,174,157,180,179,177,184,200,199,189,191,194,194,191,208,211,213
24,NSW,"2,965","3,007","3,133","3,179","3,340","3,450","3,637","3,828","4,163","4,488","4,620","4,758","4,911","5,123","4,971","5,101","5,195","5,389","5,339","5,588","5,537","5,471","5,533","5,554","5,911","6,123"
24,Vic,725,747,750,841,851,851,925,1011,1069,1083,"1,093","1,092","1,117","1,222","1,176","1,200","1,291","1,278","1,312","1,329","1,354","1,329","1,346","1,319","1,411","1,508"
24,QLD,"2,486","2,676","2,691","2,743","2,864","2,891","3,071","3,341","3,624","3,823","3,856","4,090","4,149","4,243","4,251","4,290","4,370","4,522","4,789","4,990","4,892","4,989","4,957","5,116","5,255","5,493"
24,SA,520,546,571,603,636,621,686,640,684,782,780,779,741,758,765,776,795,871,925,855,889,875,906,911,983,964
24,WA,"1,424","1,455","1,533","1,520","1,668","1,725","1,697","1,731","1,783","1,849","1,776","1,845","1,911","1,866","1,917","1,746","1,881","2,049","2,147","2,143","2,171","2,137","2,069","2,149","2,370","2,295"
24,Tas,298,338,332,355,378,339,373,370,425,433,398,453,480,520,487,479,507,515,545,540,540,503,537,539,589,601
24,NT,"1,106","1,158","1,224","1,233","1,408","1,322","1,296","1,349","1,354","1,417","1,372","1,407","1,381","1,388","1,401","1,309","1,364","1,390","1,460","1,499","1,473","1,432","1,373","1,351","1,387","1,402"
24,ACT,106,114,117,126,139,145,139,152,154,161,141,178,163,186,184,181,188,205,205,197,197,202,201,198,215,219
25,NSW,"2,830","2,985","3,023","3,152","3,194","3,355","3,451","3,637","3,827","4,162","4,490","4,586","4,724","4,876","5,085","4,937","5,064","5,159","5,351","5,310","5,553","5,504","5,438","5,497","5,521","5,875"
25,Vic,660,716,738,741,835,843,838,912,1000,1058,"1,069","1,114","1,116","1,140","1,245","1,199","1,221","1,312","1,302","1,337","1,356","1,379","1,355","1,372","1,348","1,441"
25,QLD,"2,456","2,480","2,671","2,683","2,734","2,853","2,874","3,055","3,329","3,614","3,812","3,866","4,099","4,158","4,253","4,261","4,297","4,381","4,534","4,796","4,996","4,900","4,994","4,963","5,118","5,262"
25,SA,485,521,547,573,607,638,626,693,646,690,789,778,778,740,758,764,775,794,870,922,853,888,874,904,909,981
25,WA,"1,317","1,412","1,443","1,522","1,507","1,657","1,722","1,693","1,725","1,776","1,841","1,778","1,847","1,913","1,871","1,920","1,753","1,885","2,051","2,150","2,147","2,172","2,138","2,073","2,151","2,371"
25,Tas,311,301,340,334,358,381,345,381,376,432,440,392,445,472,511,479,471,498,506,535,530,531,495,527,529,578
25,NT,"1,147","1,101","1,155","1,220","1,229","1,407","1,330","1,302","1,353","1,357","1,420","1,364","1,400","1,373","1,381","1,393","1,304","1,357","1,384","1,451","1,491","1,464","1,424","1,367","1,344","1,380"
25,ACT,101,99,109,111,121,134,143,135,149,150,157,148,183,171,192,189,187,195,211,211,205,205,210,209,207,223
26,NSW,"2,713","2,845","3,002","3,037","3,167","3,204","3,369","3,466","3,652","3,842","4,179","4,456","4,552","4,691","4,838","5,044","4,900","5,022","5,120","5,313","5,276","5,516","5,466","5,402","5,458","5,486"
26,Vic,638,653,709,732,734,830,823,817,891,981,"1,037","1,088","1,132","1,137","1,161","1,265","1,220","1,241","1,330","1,324","1,359","1,380","1,403","1,379","1,395","1,374"
26,QLD,"2,381","2,454","2,476","2,666","2,677","2,728","2,832","2,855","3,037","3,312","3,599","3,812","3,865","4,095","4,155","4,251","4,258","4,294","4,379","4,532","4,791","4,988","4,896","4,987","4,957","5,106"
26,SA,474,482,519,547,573,608,637,626,693,645,688,788,777,779,742,761,765,777,795,869,922,854,888,876,905,910
26,WA,"1,271","1,301","1,396","1,426","1,506","1,490","1,653","1,719","1,688","1,721","1,769","1,842","1,781","1,850","1,914","1,875","1,923","1,760","1,890","2,055","2,152","2,152","2,176","2,140","2,078","2,154"
26,Tas,293,316,306,345,339,364,389,351,388,383,440,440,392,444,471,510,478,470,497,505,533,529,530,494,526,527
26,NT,972,"1,145","1,097","1,151","1,218","1,227","1,419","1,339","1,311","1,361","1,364","1,418","1,362","1,398","1,373","1,382","1,393","1,305","1,359","1,385","1,451","1,490","1,463","1,424","1,367","1,345"
26,ACT,84,96,95,106,106,118,129,139,131,143,145,163,155,187,178,197,195,193,201,216,218,212,211,216,216,215
27,NSW,"2,704","2,724","2,855","3,012","3,043","3,173","3,220","3,385","3,485","3,671","3,860","4,159","4,436","4,529","4,668","4,814","5,018","4,877","4,994","5,094","5,287","5,257","5,492","5,443","5,381","5,435"
27,Vic,632,636,649,708,732,734,813,804,797,873,963,"1,056","1,109","1,151","1,159","1,183","1,285","1,242","1,263","1,351","1,347","1,383","1,405","1,427","1,406","1,420"
27,QLD,"2,367","2,379","2,449","2,471","2,664","2,674","2,721","2,820","2,843","3,027","3,304","3,586","3,798","3,851","4,077","4,137","4,236","4,241","4,277","4,364","4,516","4,771","4,966","4,877","4,964","4,935"
27,SA,458,469,477,515,543,569,607,636,624,692,643,691,790,780,784,748,767,769,783,801,873,926,860,893,882,910
27,WA,"1,200","1,258","1,288","1,382","1,412","1,493","1,485","1,649","1,718","1,685","1,715","1,767","1,841","1,782","1,850","1,913","1,876","1,924","1,764","1,891","2,056","2,151","2,151","2,175","2,140","2,080"
27,Tas,317,298,321,309,349,343,365,390,352,389,384,437,437,390,441,467,507,475,467,494,502,529,525,526,490,522
27,NT,942,967,"1,144","1,094","1,147","1,215","1,228","1,425","1,342","1,312","1,362","1,367","1,421","1,366","1,403","1,379","1,388","1,398","1,312","1,364","1,392","1,456","1,497","1,468","1,428","1,373"
27,ACT,76,79,93,92,103,102,113,125,134,125,139,147,163,156,187,179,196,195,192,201,215,217,213,213,216,217
28,NSW,"2,604","2,712","2,732","2,860","3,022","3,048","3,184","3,230","3,393","3,495","3,682","3,858","4,156","4,434","4,526","4,667","4,810","5,011","4,875","4,988","5,090","5,284","5,259","5,493","5,443","5,384"
28,Vic,630,629,633,647,706,730,714,794,781,775,852,980,"1,072","1,126","1,167","1,177","1,201","1,303","1,260","1,281","1,368","1,367","1,403","1,427","1,448","1,428"
28,QLD,"2,321","2,370","2,382","2,451","2,469","2,665","2,673","2,720","2,817","2,840","3,026","3,278","3,557","3,767","3,819","4,040","4,101","4,201","4,205","4,241","4,328","4,479","4,730","4,921","4,834","4,919"
28,SA,458,451,462,469,507,536,565,602,632,619,688,643,691,789,779,784,749,767,769,783,801,872,925,860,893,880
28,WA,"1,183","1,183","1,241","1,269","1,365","1,394","1,492","1,481","1,647","1,718","1,682","1,717","1,771","1,846","1,789","1,858","1,920","1,886","1,931","1,774","1,901","2,064","2,158","2,159","2,183","2,149"
28,Tas,318,319,300,323,311,352,345,367,392,354,391,380,433,432,386,437,462,503,471,463,490,498,524,520,521,485
28,NT,982,945,970,"1,151","1,099","1,152","1,212","1,228","1,428","1,341","1,309","1,363","1,371","1,426","1,370","1,409","1,387","1,395","1,404","1,320","1,370","1,399","1,462","1,504","1,475","1,434"
28,ACT,75,70,74,89,87,99,101,113,125,135,125,139,147,163,157,185,178,195,194,190,200,213,217,213,213,216
29,NSW,"2,593","2,607","2,717","2,737","2,863","3,027","3,041","3,179","3,224","3,385","3,489","3,690","3,867","4,165","4,443","4,533","4,675","4,818","5,019","4,885","4,995","5,099","5,293","5,273","5,507","5,456"
29,Vic,628,628,628,631,645,706,713,695,777,762,756,860,988,"1,080","1,134","1,174","1,186","1,209","1,310","1,269","1,289","1,375","1,375","1,413","1,437","1,458"
29,QLD,"2,369","2,319","2,370","2,381","2,449","2,465","2,680","2,687","2,733","2,829","2,852","2,997","3,243","3,519","3,726","3,777","3,996","4,056","4,156","4,158","4,193","4,281","4,432","4,678","4,865","4,780"
29,SA,436,452,444,455,461,500,534,564,601,631,617,689,647,695,792,783,788,753,771,773,787,806,877,927,865,898
29,WA,"1,173","1,168","1,167","1,227","1,253","1,350","1,386","1,484","1,473","1,639","1,712","1,690","1,728","1,782","1,859","1,803","1,873","1,935","1,902","1,946","1,791","1,917","2,080","2,176","2,178","2,200"
29,Tas,286,317,317,298,321,309,356,349,371,396,357,384,373,426,424,379,430,455,495,464,456,482,490,515,511,512
29,NT,967,990,952,977,"1,161","1,108","1,149","1,208","1,224","1,428","1,338","1,305","1,358","1,368","1,425","1,370","1,408","1,387","1,396","1,404","1,323","1,372","1,399","1,462","1,503","1,476"
29,ACT,84,72,66,70,87,82,98,101,113,126,137,128,142,149,166,160,187,181,198,197,193,203,216,220,217,217
30,NSW,"2,702","2,596","2,612","2,723","2,743","2,867","3,015","3,025","3,164","3,207","3,368","3,475","3,674","3,852","4,148","4,424","4,512","4,655","4,796","4,996","4,865","4,974","5,076","5,271","5,255","5,488"
30,Vic,623,625,624,625,626,641,696,701,683,767,749,764,866,994,"1,085","1,139","1,179","1,192","1,215","1,314","1,274","1,294","1,379","1,382","1,420","1,445"
30,QLD,"2,447","2,364","2,313","2,364","2,373","2,440","2,485","2,704","2,710","2,756","2,850","2,837","2,982","3,225","3,500","3,706","3,757","3,971","4,032","4,132","4,134","4,168","4,257","4,409","4,650","4,835"
30,SA,492,427,444,435,447,451,495,529,560,597,627,617,689,647,696,791,782,790,756,774,776,789,808,877,926,867
30,WA,"1,259","1,162","1,157","1,155","1,216","1,242","1,337","1,374","1,471","1,458","1,626","1,724","1,705","1,744","1,799","1,879","1,823","1,895","1,957","1,926","1,968","1,815","1,941","2,103","2,200","2,203"
30,Tas,284,281,312,313,294,316,314,361,354,377,402,356,382,372,425,423,378,429,454,493,463,456,481,489,514,510
30,NT,1102,978,"1,001",963,989,"1,177","1,107","1,148","1,206","1,223","1,430","1,332","1,300","1,352","1,363","1,421","1,369","1,405","1,383","1,393","1,400","1,320","1,370","1,395","1,457","1,497"
30,ACT,95,84,71,64,69,87,78,95,98,111,123,139,131,146,153,170,164,191,185,203,201,197,208,221,226,223
31,NSW,"2,659","2,699","2,595","2,612","2,723","2,743","2,871","3,021","3,025","3,167","3,210","3,369","3,475","3,673","3,851","4,147","4,424","4,511","4,655","4,795","4,994","4,865","4,972","5,076","5,271","5,260"
31,Vic,630,617,621,620,622,623,632,687,694,674,760,754,769,870,997,"1,087","1,140","1,180","1,195","1,217","1,317","1,277","1,296","1,381","1,385","1,424"
31,QLD,"2,453","2,440","2,361","2,307","2,359","2,367","2,447","2,491","2,715","2,719","2,763","2,831","2,819","2,964","3,204","3,476","3,681","3,730","3,943","4,003","4,104","4,107","4,138","4,230","4,380","4,617"
31,SA,461,489,422,440,430,444,447,491,526,558,595,629,620,691,650,701,795,787,796,763,780,782,796,814,882,932
31,WA,"1,181","1,251","1,153","1,150","1,148","1,208","1,224","1,319","1,356","1,453","1,438","1,622","1,718","1,700","1,741","1,797","1,877","1,821","1,893","1,956","1,925","1,966","1,817","1,940","2,102","2,197"
31,Tas,313,278,275,306,308,289,316,315,361,353,378,406,360,388,377,430,429,384,435,460,498,469,462,488,496,521
31,NT,947,1112,986,"1,009",970,996,"1,179","1,108",1148,1207,"1,224","1,429","1,332","1,300","1,354","1,366","1,424","1,373","1,408","1,387","1,398","1,403","1,325","1,373","1,400","1,460"
31,ACT,86,96,83,70,62,67,84,74,91,94,107,120,136,127,142,149,166,161,186,180,198,196,191,202,215,220
32,NSW,"2,876","2,658","2,696","2,596","2,613","2,725","2,735","2,863","3,014","3,014","3,159","3,206","3,364","3,470","3,667","3,845","4,141","4,418","4,504","4,647","4,787","4,985","4,859","4,964","5,069","5,265"
32,Vic,661,621,606,613,611,615,618,626,679,686,668,759,756,770,870,994,"1,084","1,137","1,176","1,193","1,216","1,314","1,276","1,293","1,376","1,384"
32,QLD,"2,616","2,447","2,430","2,353","2,299","2,351","2,379","2,457","2,501","2,729","2,730","2,757","2,828","2,818","2,962","3,201","3,472","3,675","3,725","3,936","3,996","4,096","4,099","4,130","4,224","4,375"
32,SA,471,458,487,418,437,426,437,439,484,520,552,593,627,618,688,649,700,793,785,795,763,781,783,796,813,880
32,WA,"1,176","1,176","1,247","1,148","1,146","1,144","1,203","1,220","1,316","1,353","1,449","1,431","1,611","1,707","1,690","1,732","1,788","1,868","1,813","1,886","1,948","1,919","1,959","1,812","1,934","2,092"
32,Tas,312,310,275,273,304,306,286,312,310,355,347,385,414,367,396,385,438,438,393,444,469,507,478,471,499,507
32,NT,994,949,1119,990,"1,012",973,990,"1,176",1104,1145,"1,203","1,227","1,431","1,335","1,304","1,359","1,371","1,432","1,381","1,416","1,395","1,407","1,410","1,333","1,381","1,408"
32,ACT,88,88,98,83,70,61,68,85,76,92,95,101,113,128,120,134,141,157,152,175,169,186,183,180,190,202
33,NSW,"3,073","2,876","2,655","2,692","2,594","2,612","2,722","2,730","2,858","3,010","3,007","3,178","3,225","3,385","3,492","3,689","3,868","4,166","4,444","4,528","4,674","4,813","5,012","4,887","4,991","5,100"
33,Vic,722,654,615,597,608,606,613,615,621,675,681,679,766,765,780,878,"1,001","1,090","1,145","1,184","1,203","1,226","1,322","1,286","1,302","1,383"
33,QLD,"2,676","2,610","2,440","2,422","2,346","2,290","2,351","2,379","2,456","2,497","2,728","2,715","2,746","2,819","2,809","2,953","3,190","3,458","3,660","3,710","3,919","3,980","4,080","4,082","4,113","4,208"
33,SA,501,468,457,486,416,436,423,434,437,482,520,544,585,619,610,679,641,692,783,775,786,754,772,774,786,803
33,WA,"1,239","1,165","1,167","1,240","1,140","1,139","1,142","1,202","1,219","1,317","1,353","1,434","1,416","1,594","1,688","1,672","1,715","1,770","1,850","1,796","1,868","1,929","1,903","1,941","1,798","1,917"
33,Tas,318,314,311,275,274,305,300,281,306,303,347,352,390,419,372,401,391,444,444,399,450,475,513,484,477,505
33,NT,982,992,948,1122,989,"1,012",964,982,1170,1097,"1,139","1,199","1,222","1,423","1,328","1,297","1,353","1,366","1,428","1,377","1,412","1,391","1,403","1,406","1,330","1,377"
33,ACT,85,89,89,99,84,70,64,71,89,80,96,86,92,102,116,110,122,130,144,140,160,155,170,168,164,174
34,NSW,"3,311","3,077","2,879","2,655","2,691","2,593","2,588","2,697","2,704","2,831","2,982","3,016","3,186","3,233","3,393","3,502","3,699","3,878","4,175","4,457","4,539","4,687","4,826","5,024","4,901","5,002"
34,Vic,716,713,644,605,585,599,596,602,604,609,664,682,679,767,766,781,878,999,"1,088","1,143","1,182","1,202","1,224","1,319","1,284","1,300"
34,QLD,"2,685","2,663","2,599","2,428","2,407","2,334","2,292","2,356","2,384","2,459","2,500","2,716","2,703","2,736","2,812","2,802","2,945","3,181","3,448","3,648","3,698","3,905","3,967","4,069","4,070","4,100"
34,SA,517,498,465,455,485,413,438,425,436,439,485,513,536,575,610,600,670,632,683,772,763,775,743,761,763,775
34,WA,"1,292","1,230","1,154","1,159","1,233","1,134","1,144","1,147","1,207","1,225","1,325","1,346","1,428","1,410","1,585","1,678","1,663","1,708","1,764","1,843","1,791","1,862","1,922","1,897","1,935","1,794"
34,Tas,331,321,317,315,277,276,301,296,277,302,298,349,354,392,421,374,403,393,446,446,401,452,477,515,486,479
34,NT,998,979,992,948,1128,991,"1,012",964,983,1171,"1,096","1,140","1,200","1,223","1,422","1,329","1,298","1,355","1,369","1,431","1,381","1,417","1,396","1,409","1,411","1,336"
34,ACT,79,86,91,92,102,87,76,69,77,97,87,91,83,88,99,111,105,116,123,137,133,151,147,160,158,155
35,NSW,"3,197","3,311","3,074","2,875","2,649","2,684","2,575","2,571","2,680","2,685","2,814","2,985","3,022","3,191","3,238","3,399","3,507","3,703","3,884","4,183","4,463","4,545","4,695","4,833","5,031","4,910"
35,Vic,736,708,707,637,600,578,594,592,597,598,604,666,684,682,768,768,784,879,999,"1,088","1,143","1,181","1,202","1,224","1,317","1,284"
35,QLD,"2,663","2,671","2,650","2,589","2,417","2,392","2,336","2,292","2,357","2,387","2,459","2,488","2,701","2,689","2,725","2,801","2,793","2,935","3,171","3,433","3,635","3,684","3,888","3,951","4,054","4,053"
35,SA,545,514,494,461,452,483,417,442,429,440,442,484,511,535,572,606,596,668,630,683,770,762,773,741,760,762
35,WA,"1,312","1,290","1,228","1,152","1,159","1,234","1,131","1,142","1,146","1,206","1,223","1,317","1,339","1,419","1,402","1,576","1,668","1,653","1,698","1,753","1,832","1,780","1,853","1,913","1,887","1,926"
35,Tas,359,329,320,316,314,275,274,299,294,276,300,301,352,358,396,425,378,407,397,450,451,406,457,482,520,491
35,NT,1067,996,978,992,947,1133,985,1006,958,977,"1,166","1,094","1,138","1,196","1,220","1,416","1,323","1,294","1,350","1,365","1,428","1,380","1,416","1,395","1,408","1,408"
35,ACT,83,79,87,92,93,103,91,80,72,80,102,84,88,81,85,97,108,102,113,120,133,129,146,142,155,153
36,NSW,"3,006","3,186","3,305","3,064","2,864","2,637","2,666","2,560","2,557","2,666","2,669","2,807","2,976","3,015","3,184","3,230","3,392","3,498","3,694","3,874","4,174","4,452","4,534","4,686","4,823","5,019"
36,Vic,635,731,703,701,631,594,572,588,586,591,593,600,660,678,676,761,760,777,870,988,"1,074","1,130","1,168","1,188","1,212","1,304"
36,QLD,"2,484","2,647","2,655","2,636","2,576","2,404","2,395","2,340","2,296","2,362","2,392","2,452","2,484","2,693","2,683","2,720","2,797","2,791","2,932","3,168","3,428","3,632","3,681","3,883","3,945","4,049"
36,SA,499,542,511,492,458,449,481,416,441,427,439,443,485,513,536,574,607,597,669,633,686,772,763,775,744,763
36,WA,"1,162","1,315","1,293","1,231","1,155","1,165","1,234","1,129","1,140","1,145","1,204","1,217","1,310","1,332","1,412","1,395","1,569","1,659","1,646","1,689","1,745","1,825","1,773","1,846","1,905","1,880"
36,Tas,325,359,329,320,316,314,271,270,295,291,273,305,307,358,364,402,431,384,413,404,457,458,413,465,490,528
36,NT,946,1067,993,977,993,949,1131,982,1004,955,974,"1,166","1,095","1,138","1,194","1,219","1,414","1,322","1,294","1,350","1,368","1,429","1,383","1,418","1,397","1,412"
36,ACT,72,82,78,87,93,93,106,94,82,73,82,102,84,88,82,85,98,109,103,115,121,134,130,146,142,155
37,NSW,"2,854","2,999","3,176","3,297","3,055","2,852","2,631","2,659","2,554","2,553","2,662","2,646","2,783","2,949","2,989","3,156","3,203","3,364","3,469","3,661","3,842","4,137","4,415","4,496","4,646","4,783"
37,Vic,644,630,728,698,698,628,597,573,589,587,593,597,604,664,682,680,764,765,782,873,991,"1,076","1,132","1,170","1,192","1,214"
37,QLD,"2,395","2,469","2,630","2,638","2,622","2,565","2,401","2,390","2,339","2,292","2,358","2,390","2,453","2,485","2,692","2,685","2,721","2,802","2,798","2,940","3,173","3,433","3,638","3,686","3,887","3,951"
37,SA,449,497,541,510,490,457,445,477,411,437,422,440,445,486,515,538,576,609,599,671,636,690,774,766,778,747
37,WA,1226,"1,165","1,318","1,297","1,236","1,160","1,161","1,231","1,127","1,137","1,142","1,204","1,216","1,309","1,331","1,410","1,395","1,567","1,654","1,642","1,687","1,744","1,825","1,773","1,846","1,905"
37,Tas,356,324,358,327,318,315,309,266,265,291,287,277,309,313,364,370,408,437,390,419,410,464,465,420,472,497
37,NT,925,941,1063,989,971,987,941,1126,975,997,949,967,"1,156","1,087","1,130","1,186","1,210","1,400","1,310","1,285","1,339","1,359","1,418","1,374","1,410","1,389"
37,ACT,67,72,82,78,87,93,93,106,94,82,72,86,106,88,92,86,89,103,115,109,121,127,141,137,153,149
38,NSW,"2,880","2,842","2,989","3,162","3,286","3,040","2,864","2,640","2,671","2,564","2,564","2,649","2,634","2,771","2,936","2,976","3,141","3,188","3,350","3,453","3,643","3,826","4,119","4,395","4,475","4,625"
38,Vic,620,638,622,719,690,691,620,590,566,582,581,595,600,607,667,685,683,765,767,785,874,991,"1,075","1,131","1,168","1,191"
38,QLD,"2,365","2,389","2,463","2,622","2,629","2,617","2,556","2,392","2,379","2,330","2,281","2,348","2,379","2,444","2,476","2,681","2,677","2,714","2,796","2,791","2,935","3,165","3,425","3,630","3,678","3,875"
38,SA,486,449,497,543,512,492,452,442,472,406,433,422,439,445,486,515,538,576,609,599,671,637,691,773,766,778
38,WA,1153,1222,"1,160","1,314","1,293","1,232","1,150","1,153","1,222","1,122","1,131","1,141","1,203","1,215","1,307","1,331","1,409","1,394","1,566","1,650","1,639","1,685","1,742","1,825","1,773","1,848"
38,Tas,342,358,325,361,329,320,309,304,260,260,287,291,281,313,317,370,376,414,443,396,425,416,471,472,427,479
38,NT,961,918,936,1057,981,964,986,939,1128,974,996,943,961,"1,147","1,080","1,122","1,177","1,201","1,386","1,300","1,276","1,329","1,350","1,409","1,367","1,403"
38,ACT,86,67,72,82,79,88,89,89,102,90,78,76,90,110,92,96,90,93,108,121,115,127,133,148,144,160
39,NSW,"2,717","2,866","2,826","2,975","3,144","3,274","3,043","2,865","2,638","2,671","2,564","2,550","2,633","2,621","2,757","2,919","2,960","3,123","3,171","3,332","3,434","3,624","3,806","4,097","4,371","4,450"
39,Vic,601,615,636,618,716,686,684,615,584,560,579,575,588,594,602,660,678,678,758,760,778,863,981,"1,062","1,119","1,156"
39,QLD,"2,145","2,364","2,392","2,465","2,622","2,630","2,615","2,556","2,391","2,376","2,328","2,272","2,339","2,367","2,434","2,467","2,671","2,667","2,706","2,790","2,786","2,929","3,159","3,418","3,622","3,670"
39,SA,479,483,446,494,540,508,487,448,439,469,402,433,422,439,446,486,516,539,576,610,600,671,638,692,772,766
39,WA,1190,1147,1216,1154,"1,308","1,286","1,221","1,139","1,145","1,213","1,113","1,134","1,144","1,205","1,217","1,310","1,334","1,413","1,398","1,568","1,651","1,642","1,687","1,745","1,830","1,779"
39,Tas,311,342,358,326,363,330,314,303,299,254,255,287,291,281,313,317,369,376,413,443,396,425,416,472,472,428
39,NT,942,956,910,928,1049,973,961,982,937,1129,973,996,946,964,"1,147","1,082","1,124","1,177","1,202","1,385","1,299","1,278","1,331","1,354","1,414","1,371"
39,ACT,88,84,64,69,80,76,84,85,85,98,86,83,81,95,115,98,102,96,99,114,128,122,134,141,157,153
40,NSW,"2,737","2,701","2,852","2,809","2,960","3,125","3,280","3,048","2,868","2,640","2,674","2,554","2,539","2,624","2,612","2,748","2,909","2,951","3,114","3,162","3,322","3,423","3,612","3,794","4,084","4,357"
40,Vic,593,597,609,633,614,713,687,686,615,585,561,571,567,580,586,593,651,669,670,747,750,768,852,968,"1,047","1,105"
40,QLD,"2,199","2,150","2,369","2,399","2,473","2,629","2,624","2,611","2,552","2,389","2,371","2,324","2,271","2,336","2,365","2,433","2,466","2,669","2,666","2,708","2,793","2,791","2,934","3,164","3,422","3,627"
40,SA,468,475,480,441,490,536,502,481,443,434,465,398,429,417,434,443,483,512,535,571,604,594,665,631,685,765
40,WA,1142,1182,1137,1208,1143,"1,298","1,270","1,205","1,126","1,133","1,202","1,115","1,136","1,146","1,206","1,219","1,312","1,335","1,413","1,398","1,569","1,650","1,642","1,688","1,746","1,831"
40,Tas,287,312,342,358,326,363,329,313,302,298,252,256,287,291,281,313,317,368,375,413,443,396,425,416,473,472
40,NT,1005,932,946,900,918,1038,962,950,973,927,"1,120",973,995,946,964,"1,144","1,080","1,123","1,175","1,200","1,380","1,296","1,276","1,329","1,354","1,414"
40,ACT,88,87,83,62,67,79,70,78,80,80,93,87,84,82,96,116,99,103,97,100,116,130,124,136,143,159
41,NSW,"2,627","2,725","2,691","2,840","2,796","2,949","3,120","3,280","3,045","2,863","2,635","2,656","2,538","2,523","2,608","2,596","2,732","2,892","2,933","3,095","3,143","3,303","3,402","3,592","3,772","4,061"
41,Vic,529,593,599,609,633,614,716,691,690,618,590,563,572,568,581,588,596,653,672,672,749,753,771,855,971,"1,048"
41,QLD,"2,130","2,188","2,140","2,360","2,392","2,467","2,614","2,607","2,595","2,538","2,377","2,375","2,325","2,274","2,338","2,368","2,437","2,471","2,675","2,673","2,716","2,804","2,802","2,945","3,177","3,434"
41,SA,463,467,471,476,436,486,535,501,479,442,434,460,394,425,413,430,438,480,508,531,565,598,589,658,625,679
41,WA,1034,1132,1173,1126,1200,1132,"1,283","1,254","1,193","1,115","1,121","1,207","1,120","1,143","1,152","1,212","1,226","1,316","1,340","1,418","1,405","1,574","1,654","1,647","1,694","1,753"
41,Tas,295,286,311,341,357,326,362,328,312,301,297,253,257,287,291,281,313,317,368,376,413,443,397,425,416,474
41,NT,762,998,923,940,893,911,1029,952,942,966,919,"1,108",963,983,936,953,"1,130","1,068","1,110","1,162","1,186","1,363","1,281","1,261","1,313","1,338"
41,ACT,89,88,88,84,62,65,78,69,77,79,79,90,85,82,80,93,113,96,100,94,97,113,126,121,132,139
42,NSW,"2,581","2,620","2,714","2,680","2,830","2,786","2,954","3,125","3,287","3,047","2,866","2,628","2,650","2,531","2,516","2,601","2,590","2,728","2,885","2,928","3,088","3,138","3,297","3,396","3,586","3,765"
42,Vic,559,522,587,595,604,629,605,710,684,682,611,595,569,576,573,584,593,601,659,678,679,754,760,778,862,978
42,QLD,"2,127","2,121","2,178","2,129","2,351","2,384","2,446","2,589","2,583","2,574","2,518","2,376","2,376","2,327","2,276","2,340","2,370","2,441","2,475","2,678","2,678","2,723","2,813","2,810","2,953","3,185"
42,SA,473,463,467,472,476,435,485,535,500,480,442,430,455,391,422,409,427,435,477,504,526,560,595,587,654,621
42,WA,1003,1021,1120,1162,1112,1188,1113,"1,262","1,233","1,176","1,098","1,124","1,210","1,124","1,146","1,156","1,214","1,230","1,317","1,342","1,421","1,408","1,575","1,656","1,648","1,696"
42,Tas,328,293,285,309,340,356,324,360,327,311,300,298,255,258,288,292,282,315,319,370,378,415,445,399,427,418
42,NT,783,757,993,916,935,886,913,1031,953,942,967,902,"1,087",944,964,919,935,"1,107","1,047","1,088","1,138","1,161","1,334","1,254","1,235","1,286"
42,ACT,83,90,89,90,84,62,67,80,71,79,81,73,83,78,75,74,86,104,89,92,87,89,105,116,112,123
43,NSW,"2,599","2,578","2,618","2,709","2,676","2,825","2,780","2,948","3,117","3,280","3,039","2,858","2,621","2,645","2,525","2,511","2,594","2,586","2,724","2,879","2,924","3,082","3,132","3,292","3,391","3,582"
43,Vic,523,553,515,580,590,599,620,597,699,673,671,614,599,572,579,577,587,596,605,663,682,684,758,766,783,867
43,QLD,"2,093","2,111","2,104","2,160","2,112","2,334","2,363","2,424","2,566","2,561","2,554","2,507","2,366","2,368","2,320","2,269","2,333","2,363","2,435","2,470","2,669","2,674","2,718","2,809","2,807","2,949"
43,SA,455,468,459,462,468,473,434,483,533,500,479,442,430,455,391,421,409,427,436,477,505,525,559,595,587,653
43,WA,1006,994,1011,1111,1152,1101,1171,1097,"1,246","1,216","1,160","1,095","1,119","1,205","1,119","1,142","1,152","1,210","1,225","1,311","1,338","1,414","1,403","1,569","1,648","1,642"
43,Tas,293,326,291,283,307,339,353,320,356,323,308,302,299,257,259,289,293,283,316,321,372,380,417,447,401,429
43,NT,726,779,756,993,914,934,894,922,1042,962,952,960,896,"1,078",937,955,913,927,"1,096","1,038","1,078","1,127","1,150","1,320","1,242","1,223"
43,ACT,91,83,89,89,89,81,67,72,86,77,85,76,68,77,73,71,69,80,98,83,86,82,84,98,109,104
44,NSW,"2,600","2,595","2,573","2,612","2,704","2,670","2,816","2,772","2,938","3,106","3,271","3,033","2,852","2,618","2,643","2,524","2,510","2,591","2,585","2,723","2,878","2,923","3,082","3,132","3,292","3,391"
44,Vic,538,519,550,511,578,589,590,610,587,689,664,663,607,593,566,572,570,580,589,598,656,675,678,751,759,775
44,QLD,"2,013","2,080","2,098","2,092","2,145","2,096","2,320","2,351","2,413","2,554","2,547","2,542","2,496","2,354","2,358","2,309","2,259","2,325","2,354","2,428","2,460","2,660","2,665","2,710","2,802","2,803"
44,SA,401,449,462,454,455,462,467,428,478,527,495,477,440,428,453,390,419,408,426,435,476,503,523,556,593,585
44,WA,947,999,988,1004,1104,1146,1092,1161,1087,1234,"1,206","1,159","1,094","1,116","1,203","1,116","1,138","1,149","1,206","1,222","1,307","1,335","1,410","1,400","1,565","1,643"
44,Tas,282,290,325,289,280,305,336,350,317,352,319,308,302,299,257,259,289,293,283,316,321,372,380,417,447,401
44,NT,702,715,767,745,984,905,931,893,920,1042,960,950,958,894,"1,073",935,953,911,925,"1,090","1,036","1,074","1,122","1,145","1,313","1,235"
44,ACT,81,92,83,90,89,89,87,72,77,93,83,83,74,67,75,71,70,67,78,96,81,84,80,82,96,106
45,NSW,"2,516","2,593","2,590","2,567","2,606","2,697","2,657","2,800","2,758","2,925","3,090","3,256","3,021","2,841","2,609","2,637","2,517","2,503","2,583","2,577","2,716","2,870","2,916","3,075","3,124","3,286"
45,Vic,506,538,518,549,511,579,589,591,610,587,693,655,654,598,585,560,565,563,573,582,590,648,668,670,743,751
45,QLD,"1,904","2,000","2,068","2,087","2,080","2,130","2,080","2,309","2,340","2,402","2,541","2,532","2,527","2,483","2,341","2,345","2,297","2,248","2,313","2,343","2,418","2,450","2,647","2,655","2,701","2,793"
45,SA,410,393,440,453,446,446,459,464,424,475,522,494,476,439,426,451,389,417,407,425,434,474,502,522,553,590
45,WA,946,940,992,983,999,1098,1136,1079,1150,1074,"1,221","1,205","1,158","1,094","1,114","1,200","1,113","1,135","1,146","1,204","1,220","1,305","1,333","1,406","1,398","1,562"
45,Tas,325,280,288,323,287,277,303,334,348,315,350,321,309,303,300,258,260,290,294,284,317,322,373,381,419,449
45,NT,715,692,705,755,733,975,899,925,886,914,"1,035",961,951,957,895,"1,070",934,953,912,924,"1,087","1,035","1,072","1,119","1,141","1,307"
45,ACT,56,80,91,82,89,88,92,89,74,79,95,85,85,76,69,77,73,72,69,80,98,83,87,83,85,99
46,NSW,"2,339","2,503","2,581","2,578","2,556","2,594","2,687","2,649","2,790","2,747","2,916","3,076","3,238","3,007","2,830","2,600","2,628","2,509","2,496","2,575","2,569","2,708","2,862","2,908","3,068","3,116"
46,Vic,537,504,535,514,546,507,581,593,592,611,588,679,642,642,588,575,551,555,554,563,573,581,638,658,660,732
46,QLD,"1,784","1,893","1,991","2,058","2,078","2,070","2,120","2,067","2,301","2,334","2,394","2,532","2,522","2,517","2,471","2,330","2,336","2,288","2,241","2,305","2,335","2,410","2,443","2,639","2,649","2,696"
46,SA,373,406,387,434,447,441,441,455,460,420,471,521,494,476,440,426,451,389,416,407,426,435,475,502,522,553
46,WA,919,941,934,986,977,994,1085,1124,1065,1137,"1,061","1,220","1,205","1,157","1,093","1,112","1,198","1,112","1,132","1,144","1,201","1,218","1,302","1,331","1,402","1,395"
46,Tas,285,322,277,285,320,284,274,300,331,345,313,352,323,310,304,301,259,261,291,295,285,318,323,374,382,420
46,NT,593,703,681,695,743,722,966,889,916,877,904,"1,031",959,948,953,892,"1,064",929,947,908,919,"1,080","1,028","1,066","1,112","1,134"
46,ACT,55,56,81,93,83,91,86,90,87,72,77,98,88,88,79,72,80,76,75,72,83,101,86,90,86,88
47,NSW,"2,276","2,327","2,491","2,569","2,563","2,540","2,584","2,677","2,640","2,781","2,737","2,903","3,064","3,225","2,996","2,820","2,593","2,621","2,503","2,492","2,571","2,564","2,704","2,856","2,904","3,062"
47,Vic,477,534,498,530,509,541,509,585,596,596,617,578,667,631,630,579,566,542,545,544,553,564,572,627,648,650
47,QLD,"1,739","1,775","1,884","1,980","2,050","2,070","2,057","2,105","2,051","2,287","2,320","2,383","2,523","2,511","2,507","2,459","2,320","2,328","2,281","2,234","2,296","2,327","2,403","2,438","2,631","2,643"
47,SA,363,368,399,381,428,441,437,435,450,455,415,471,520,494,476,439,426,451,389,416,407,426,435,476,503,522
47,WA,821,911,933,927,979,971,983,1072,1113,1051,"1,125","1,055","1,211","1,197","1,150","1,087","1,103","1,190","1,105","1,124","1,136","1,193","1,210","1,293","1,322","1,393"
47,Tas,314,282,319,273,281,316,281,271,297,328,342,315,354,325,312,306,302,260,262,292,296,286,319,325,375,383
47,NT,583,587,699,677,691,739,715,961,883,910,870,900,"1,027",956,944,949,889,"1,058",924,942,904,914,"1,072","1,021","1,059","1,105"
47,ACT,60,53,55,79,92,82,88,83,87,84,69,81,103,93,93,84,77,85,80,79,77,88,106,91,95,91
48,NSW,"2,113","2,265","2,314","2,478","2,556","2,549","2,529","2,570","2,665","2,628","2,768","2,726","2,893","3,053","3,211","2,986","2,813","2,587","2,616","2,499","2,488","2,566","2,562","2,700","2,852","2,901"
48,Vic,479,468,526,487,520,498,543,512,589,601,601,608,571,658,623,623,572,560,536,539,538,547,558,567,619,641
48,QLD,"1,684","1,725","1,762","1,870","1,965","2,035","2,054","2,043","2,088","2,035","2,271","2,299","2,360","2,501","2,491","2,485","2,436","2,298","2,308","2,262","2,216","2,277","2,307","2,384","2,420","2,611"
48,SA,319,359,364,393,377,424,435,432,430,444,449,417,473,523,496,477,442,428,454,390,417,408,428,437,479,506
48,WA,789,812,903,927,919,972,963,978,1063,1107,"1,044","1,123","1,053","1,208","1,194","1,148","1,086","1,101","1,187","1,103","1,122","1,135","1,190","1,207","1,289","1,320"
48,Tas,252,312,281,317,271,279,313,278,268,294,325,344,317,355,327,314,308,304,262,264,294,298,288,321,327,376
48,NT,596,584,586,700,677,691,733,707,955,875,903,866,895,"1,022",952,939,943,884,"1,050",917,934,897,907,"1,063","1,013","1,050"
48,ACT,51,59,51,54,79,93,78,84,79,83,80,73,85,107,98,98,88,81,89,84,83,81,92,111,96,100
49,NSW,"2,017","2,101","2,253","2,302","2,465","2,543","2,534","2,513","2,555","2,648","2,612","2,754","2,712","2,878","3,038","3,195","2,971","2,800","2,576","2,606","2,491","2,480","2,558","2,553","2,691","2,842"
49,Vic,452,473,460,520,479,512,499,543,512,590,602,592,600,564,650,616,615,565,553,529,532,531,540,552,561,611
49,QLD,"1,497","1,669","1,710","1,746","1,854","1,948","2,030","2,050","2,039","2,083","2,029","2,253","2,281","2,341","2,483","2,473","2,467","2,418","2,281","2,294","2,247","2,202","2,262","2,294","2,370","2,408"
49,SA,310,314,354,359,388,373,416,428,424,422,437,450,418,474,525,497,478,444,429,456,392,419,409,429,439,481
49,WA,811,779,803,896,918,909,960,952,966,1050,"1,096","1,042","1,120","1,052","1,207","1,192","1,147","1,085","1,100","1,184","1,100","1,119","1,133","1,187","1,205","1,287"
49,Tas,227,250,311,278,314,267,276,309,274,264,290,327,346,319,356,329,316,310,306,264,266,296,300,290,323,329
49,NT,531,597,584,587,702,679,684,727,703,951,871,898,861,890,"1,015",946,934,937,878,"1,041",910,927,891,900,"1,055","1,005"
49,ACT,43,50,58,49,53,80,89,74,80,75,79,84,77,89,110,102,102,92,85,93,88,87,85,96,115,100
50,NSW,"1,936","2,003","2,086","2,241","2,290","2,451","2,530","2,521","2,499","2,543","2,634","2,596","2,736","2,695","2,861","3,020","3,176","2,953","2,786","2,564","2,593","2,481","2,470","2,548","2,542","2,680"
50,Vic,430,446,468,453,514,471,513,500,544,513,591,599,589,597,561,645,614,612,563,550,528,529,528,537,551,559
50,QLD,"1,420","1,487","1,660","1,698","1,735","1,843","1,938","2,021","2,043","2,031","2,075","2,014","2,238","2,266","2,326","2,469","2,457","2,450","2,401","2,265","2,280","2,233","2,189","2,249","2,281","2,356"
50,SA,312,307,310,348,354,382,365,407,420,415,413,439,451,419,475,527,499,480,446,431,458,394,421,411,431,441
50,WA,812,801,767,792,886,907,897,948,939,953,"1,037","1,092","1,040","1,117","1,050","1,204","1,189","1,146","1,084","1,099","1,183","1,099","1,118","1,132","1,185","1,204"
50,Tas,224,224,248,308,273,310,264,272,305,270,260,291,328,347,320,358,330,318,311,307,265,267,296,300,291,325
50,NT,647,527,593,581,583,700,673,678,722,700,948,862,889,853,881,"1,006",937,925,927,869,"1,029",900,917,881,889,"1,043"
50,ACT,41,44,50,60,50,54,76,87,71,76,71,81,86,79,91,111,104,104,94,87,95,90,89,87,98,117
51,NSW,"1,775","1,917","1,984","2,067","2,221","2,271","2,440","2,517","2,509","2,487","2,532","2,612","2,575","2,713","2,672","2,837","2,996","3,151","2,932","2,765","2,545","2,575","2,465","2,455","2,531","2,525"
51,Vic,401,424,441,462,446,505,468,510,497,540,508,594,602,592,600,565,649,619,616,568,555,533,534,532,542,556
51,QLD,1393,"1,418","1,484","1,656","1,694","1,733","1,831","1,927","2,010","2,033","2,022","2,071","2,009","2,233","2,262","2,321","2,466","2,452","2,445","2,395","2,261","2,278","2,229","2,186","2,248","2,279"
51,SA,269,309,304,307,345,350,375,358,398,411,407,411,436,448,418,472,524,496,478,445,431,456,393,419,410,431
51,WA,691,797,787,752,778,873,894,885,935,927,940,"1,027","1,082","1,031","1,106","1,041","1,193","1,178","1,136","1,075","1,090","1,172","1,090","1,109","1,122","1,175"
51,Tas,217,222,222,246,306,271,306,261,270,302,269,259,290,327,346,318,356,328,316,309,305,264,265,294,298,290
51,NT,508,642,522,588,575,577,696,669,675,719,696,940,855,882,846,876,999,931,918,920,860,"1,020",891,908,872,880
51,ACT,39,42,45,52,62,52,52,74,85,69,74,71,82,87,80,92,111,105,105,95,88,96,91,90,88,99
52,NSW,"1,665","1,756","1,898","1,966","2,048","2,201","2,265","2,432","2,510","2,502","2,481","2,507","2,589","2,553","2,691","2,651","2,814","2,973","3,125","2,910","2,745","2,527","2,558","2,449","2,441","2,516"
52,Vic,361,400,421,438,460,442,494,458,500,486,531,512,597,605,596,604,570,655,624,620,574,559,537,540,538,547
52,QLD,1317,1387,"1,410","1,478","1,648","1,687","1,712","1,810","1,906","1,989","2,011","2,013","2,064","2,003","2,224","2,254","2,314","2,458","2,445","2,438","2,387","2,255","2,273","2,222","2,180","2,242"
52,SA,249,268,307,303,305,341,346,371,354,393,405,403,407,432,444,415,467,520,491,474,441,429,452,391,417,408
52,WA,640,677,784,774,738,764,867,888,878,928,921,935,"1,023","1,075","1,027","1,100","1,037","1,187","1,173","1,131","1,071","1,085","1,167","1,084","1,103","1,115"
52,Tas,202,216,220,220,245,307,270,304,260,269,301,268,258,288,325,344,316,354,326,314,307,303,262,263,292,297
52,NT,475,500,635,513,579,565,572,691,664,672,714,692,930,848,873,837,867,989,924,910,911,851,"1,010",882,898,863
52,ACT,41,40,44,46,54,66,51,51,73,84,68,74,71,82,87,80,92,110,105,105,95,88,96,91,90,88
53,NSW,"1,635","1,654","1,742","1,884","1,952","2,034","2,194","2,258","2,424","2,502","2,494","2,458","2,483","2,567","2,531","2,669","2,630","2,791","2,950","3,101","2,888","2,723","2,510","2,542","2,431","2,425"
53,Vic,380,357,397,416,433,455,431,481,448,488,474,532,514,597,606,597,606,573,657,625,621,576,561,541,543,542
53,QLD,1281,1305,1375,"1,398","1,466","1,634","1,668","1,695","1,791","1,887","1,970","2,002","2,004","2,055","1,997","2,214","2,243","2,304","2,448","2,437","2,430","2,378","2,247","2,264","2,215","2,173"
53,SA,251,249,268,306,302,304,337,342,366,349,390,399,398,401,426,438,410,460,513,484,469,435,425,446,387,412
53,WA,568,629,664,772,762,724,755,857,878,868,918,914,928,"1,016","1,067","1,020","1,093","1,031","1,180","1,167","1,124","1,067","1,078","1,159","1,078","1,096"
53,Tas,212,200,215,218,218,244,305,270,302,260,269,300,267,258,288,325,343,316,354,325,313,307,301,262,262,291
53,NT,430,467,493,627,507,573,560,567,687,660,667,712,690,926,844,870,833,864,985,921,906,907,847,"1,005",878,894
53,ACT,44,41,40,44,46,55,68,51,51,73,84,68,74,71,81,87,80,91,109,105,105,95,88,96,91,90
54,NSW,"1,524","1,624","1,643","1,730","1,871","1,940","2,025","2,184","2,247","2,415","2,492","2,470","2,435","2,461","2,545","2,511","2,648","2,609","2,770","2,928","3,077","2,866","2,703","2,494","2,526","2,417"
54,Vic,318,381,357,398,416,433,444,422,474,441,479,471,528,510,592,602,593,602,570,652,621,617,573,558,539,540
54,QLD,1203,1263,1286,1357,"1,379","1,446","1,616","1,651","1,676","1,772","1,869","1,959","1,991","1,994","2,046","1,990","2,204","2,234","2,294","2,439","2,429","2,422","2,369","2,238","2,257","2,207"
54,SA,202,250,247,267,306,301,302,334,340,363,345,386,395,394,397,421,434,406,455,508,479,465,431,422,442,384
54,WA,502,557,618,651,760,750,715,746,849,869,860,918,913,928,"1,016","1,064","1,021","1,093","1,032","1,180","1,167","1,123","1,068","1,078","1,157","1,077"
54,Tas,215,211,200,214,217,218,241,302,268,299,258,271,302,269,259,290,326,344,318,356,327,314,308,302,264,264
54,NT,378,421,460,485,617,497,568,554,559,678,652,659,704,681,915,834,858,822,852,973,910,896,896,836,992,866
54,ACT,35,45,42,41,45,47,56,68,51,51,73,83,68,74,71,80,87,80,90,108,105,105,95,88,96,91
55,NSW,"1,471","1,513","1,612","1,631","1,720","1,859","1,931","2,014","2,174","2,237","2,405","2,471","2,450","2,417","2,443","2,528","2,496","2,632","2,594","2,754","2,912","3,058","2,850","2,689","2,483","2,516"
55,Vic,334,317,380,355,395,414,427,439,418,470,436,477,470,527,508,589,599,592,599,568,649,619,615,572,555,539
55,QLD,1182,1189,1247,1272,1341,"1,361","1,430","1,598","1,632","1,657","1,753","1,854","1,944","1,975","1,978","2,032","1,975","2,187","2,219","2,277","2,423","2,415","2,407","2,353","2,224","2,243"
55,SA,199,200,248,246,264,303,298,299,331,337,362,342,382,391,390,395,418,431,403,452,505,476,462,428,419,439
55,WA,517,492,546,608,640,748,737,703,732,833,855,857,913,909,925,"1,011","1,059","1,017","1,089","1,028","1,175","1,162","1,118","1,065","1,074","1,152"
55,Tas,197,213,210,199,213,217,215,236,297,265,293,259,273,303,271,260,292,327,345,320,358,330,315,309,303,265
55,NT,420,371,413,450,476,608,492,565,551,556,673,645,653,696,674,904,824,847,811,842,962,899,886,885,827,980
55,ACT,37,35,45,42,41,45,47,56,68,51,51,73,82,68,74,71,79,87,80,89,107,104,105,95,88,96
56,NSW,"1,352","1,456","1,497","1,595","1,613","1,703","1,844","1,917","1,998","2,158","2,222","2,382","2,448","2,429","2,398","2,426","2,511","2,479","2,614","2,578","2,737","2,893","3,037","2,833","2,675","2,471"
56,Vic,307,332,316,380,354,396,407,421,433,414,463,436,477,470,527,508,588,599,592,598,569,650,621,617,572,556
56,QLD,1039,1168,1174,1232,1258,1325,"1,348","1,416","1,585","1,617","1,643","1,734","1,834","1,922","1,952","1,955","2,011","1,954","2,165","2,197","2,255","2,400","2,394","2,385","2,332","2,203"
56,SA,188,196,199,246,245,261,299,294,296,327,332,359,339,380,389,386,391,416,428,400,449,502,473,459,425,415
56,WA,440,509,483,537,598,629,738,727,693,721,823,854,857,912,909,925,"1,011","1,057","1,016","1,088","1,028","1,175","1,162","1,118","1,066","1,074"
56,Tas,191,197,214,210,201,214,213,212,231,293,261,292,259,273,302,270,260,292,327,345,320,358,330,315,309,303
56,NT,326,412,364,405,441,467,604,487,560,546,552,666,638,646,688,667,892,813,836,800,830,950,887,873,872,816
56,ACT,28,37,35,45,42,42,45,47,56,68,51,53,74,83,70,76,73,81,89,82,90,108,105,107,97,90
57,NSW,"1,236","1,341","1,443","1,486","1,583","1,600","1,688","1,829","1,902","1,982","2,142","2,200","2,356","2,425","2,406","2,377","2,404","2,489","2,458","2,591","2,556","2,715","2,873","3,014","2,812","2,656"
57,Vic,275,304,328,312,375,350,388,399,415,425,406,461,435,475,468,525,506,586,598,591,595,568,649,621,617,571
57,QLD,972,1026,1155,1159,1217,1245,1317,"1,338","1,407","1,576","1,608","1,627","1,719","1,817","1,905","1,935","1,939","1,995","1,937","2,146","2,180","2,237","2,382","2,377","2,366","2,315"
57,SA,179,186,194,199,243,243,259,295,289,294,323,328,355,335,376,385,382,386,412,423,396,444,497,468,454,420
57,WA,399,436,504,476,531,592,618,724,714,680,708,817,849,852,908,904,920,"1,006","1,051","1,011","1,082","1,024","1,168","1,156","1,113","1,063"
57,Tas,164,187,193,210,208,197,210,210,209,227,289,260,290,257,271,300,268,258,290,325,343,318,356,328,313,307
57,NT,260,318,404,358,397,432,461,600,482,556,541,551,664,635,643,684,664,887,809,834,798,827,945,884,870,868
57,ACT,17,26,35,33,44,40,41,45,47,54,67,52,55,76,84,72,78,75,83,91,84,91,109,106,109,99
58,NSW,"1,191","1,221","1,326","1,425","1,468","1,566","1,588","1,674","1,814","1,888","1,968","2,119","2,178","2,334","2,403","2,384","2,357","2,384","2,468","2,439","2,570","2,536","2,694","2,854","2,994","2,793"
58,Vic,283,269,299,324,308,370,344,381,393,409,418,403,457,433,472,465,521,504,582,593,587,591,566,646,619,614
58,QLD,905,961,1014,1143,1147,1203,1232,1306,"1,325","1,395","1,563","1,593","1,615","1,705","1,802","1,890","1,919","1,923","1,981","1,924","2,131","2,165","2,222","2,369","2,362","2,351"
58,SA,164,178,185,193,197,244,241,257,293,285,292,319,324,351,331,372,381,378,382,408,419,392,440,492,463,450
58,WA,381,395,432,501,472,527,583,608,713,703,670,704,812,844,847,903,899,915,"1,001","1,045","1,006","1,076","1,019","1,161","1,150","1,108"
58,Tas,150,163,184,190,208,205,194,207,208,208,224,287,258,288,255,269,298,266,256,288,323,341,316,354,326,311
58,NT,274,254,311,394,351,387,423,453,590,472,546,538,546,657,628,637,678,658,878,802,827,791,818,934,875,861
58,ACT,16,16,25,33,31,42,39,40,44,47,53,68,53,56,78,85,74,79,77,84,92,86,93,110,107,111
59,NSW,"1,216","1,176","1,205","1,309","1,408","1,452","1,549","1,572","1,659","1,798","1,872","1,944","2,093","2,152","2,307","2,378","2,359","2,332","2,360","2,445","2,417","2,547","2,513","2,670","2,829","2,967"
59,Vic,234,279,267,296,321,304,364,338,376,387,403,416,401,453,432,469,462,517,502,577,589,585,587,565,643,616
59,QLD,817,894,950,1002,1129,1132,1189,1218,1289,1310,"1,379","1,552","1,583","1,605","1,696","1,792","1,879","1,909","1,913","1,973","1,916","2,120","2,155","2,212","2,361","2,353"
59,SA,163,163,176,182,192,195,241,237,253,290,282,289,316,321,348,328,369,378,375,379,405,416,389,437,489,460
59,WA,377,377,390,428,495,467,519,574,599,701,693,663,698,805,836,839,894,891,907,993,"1,036",997,"1,068","1,011","1,152","1,142"
59,Tas,153,146,160,181,186,205,203,191,205,205,206,222,285,257,286,253,268,296,264,254,286,321,339,314,352,324
59,NT,262,267,248,305,385,344,381,417,446,582,465,542,534,542,651,621,632,672,651,868,793,818,783,809,923,866
59,ACT,17,15,14,23,31,29,41,39,40,44,46,53,66,52,55,78,84,74,79,77,84,92,86,92,109,107
60,NSW,998,"1,201","1,161","1,189","1,291","1,389","1,436","1,533","1,557","1,645","1,782","1,850","1,921","2,070","2,129","2,281","2,354","2,334","2,308","2,337","2,423","2,394","2,524","2,491","2,646","2,805"
60,Vic,215,233,278,265,294,320,299,358,333,370,380,401,415,400,451,431,468,462,516,501,575,587,584,586,565,642
60,QLD,732,803,880,937,987,1112,1114,1170,1199,1268,"1,290","1,368","1,541","1,571","1,596","1,685","1,780","1,867","1,897","1,900","1,963","1,907","2,109","2,145","2,202","2,351"
60,SA,126,161,161,175,180,190,192,237,232,249,287,279,286,313,318,345,325,366,375,372,375,402,413,386,434,485
60,WA,333,370,370,383,421,487,459,513,566,589,691,686,656,691,796,827,831,885,883,899,984,"1,027",988,"1,059","1,002","1,143"
60,Tas,127,150,143,157,178,184,202,200,188,202,202,205,220,283,255,284,251,267,294,263,252,284,319,337,312,350
60,NT,257,255,259,240,298,376,339,374,410,441,574,457,533,525,532,642,611,622,662,641,854,780,805,769,796,909
60,ACT,13,16,14,13,22,29,29,41,40,40,44,46,53,66,52,55,78,83,74,79,77,84,92,86,92,108
61,NSW,875,982,"1,183","1,143","1,172","1,271","1,372","1,420","1,515","1,539","1,626","1,754","1,822","1,894","2,040","2,098","2,249","2,322","2,304","2,277","2,307","2,394","2,365","2,494","2,462","2,616"
61,Vic,175,211,230,274,262,290,313,292,352,326,364,377,398,413,399,449,429,466,461,513,499,572,585,581,583,563
61,QLD,637,720,791,868,924,973,1092,1093,1151,1179,"1,248","1,284","1,359","1,531","1,561","1,590","1,678","1,772","1,856","1,888","1,892","1,955","1,901","2,101","2,137","2,195"
61,SA,128,123,159,158,173,178,186,190,233,227,244,283,276,283,310,315,342,321,363,372,369,372,398,410,383,431
61,WA,290,328,363,362,375,413,479,451,504,558,579,683,678,648,683,787,818,821,876,875,889,975,"1,017",979,"1,050",993
61,Tas,103,124,147,141,154,174,182,199,197,185,199,204,207,221,283,255,284,252,267,294,264,252,284,319,337,312
61,NT,202,253,247,253,233,291,371,335,368,406,436,564,450,524,517,522,632,602,612,652,631,841,767,792,756,783
61,ACT,11,12,15,13,12,23,29,29,41,41,40,44,46,53,66,52,55,78,83,74,79,77,84,92,86,92
62,NSW,826,860,965,"1,163","1,122","1,152","1,257","1,357","1,405","1,500","1,525","1,592","1,719","1,785","1,857","1,999","2,057","2,207","2,281","2,264","2,238","2,268","2,353","2,324","2,454","2,422"
62,Vic,166,173,209,228,270,260,284,305,286,346,319,360,373,394,410,396,446,426,463,459,509,495,568,581,577,579
62,QLD,572,627,709,778,858,910,951,1069,1071,1126,"1,154","1,246","1,284","1,357","1,527","1,559","1,589","1,678","1,771","1,853","1,886","1,891","1,957","1,903","2,100","2,137"
62,SA,128,125,119,153,153,168,175,182,187,229,222,241,279,272,280,307,312,338,317,359,368,366,369,395,405,380
62,WA,244,283,320,355,354,368,405,471,443,496,550,571,675,670,641,675,778,809,811,867,865,879,965,"1,007",970,"1,040"
62,Tas,101,99,120,144,138,150,171,178,195,193,181,200,205,208,221,283,255,284,253,267,294,264,252,284,319,337
62,NT,170,198,249,242,247,229,286,367,329,362,401,430,555,444,517,510,515,623,593,603,643,622,828,756,781,745
62,ACT,10,11,12,15,13,12,23,29,29,41,41,40,43,46,52,66,52,55,78,83,74,79,77,84,92,86
63,NSW,715,808,840,944,"1,138","1,097","1,141","1,249","1,347","1,396","1,490","1,495","1,563","1,687","1,753","1,823","1,964","2,022","2,170","2,243","2,228","2,202","2,234","2,317","2,290","2,418"
63,Vic,136,162,169,204,221,265,254,277,298,280,339,317,356,370,390,407,394,442,423,460,458,507,492,565,578,575
63,QLD,494,562,618,699,766,845,885,924,1039,1042,"1,094","1,144","1,234","1,274","1,346","1,515","1,546","1,578","1,667","1,761","1,839","1,873","1,879","1,946","1,891","2,088"
63,SA,106,126,122,116,149,149,165,172,179,183,225,219,238,275,268,277,303,308,334,313,354,364,362,365,390,400
63,WA,243,240,278,313,350,349,362,398,462,436,488,541,562,665,660,632,665,768,798,799,856,853,867,953,995,959
63,Tas,78,99,97,118,142,136,146,167,174,191,189,182,201,206,209,221,283,255,284,253,268,294,264,252,284,319
63,NT,167,166,194,244,237,242,225,280,362,322,357,399,427,551,442,513,507,511,618,589,599,638,618,821,750,774
63,ACT,10,10,11,13,16,13,12,23,29,29,41,40,40,42,46,52,66,52,55,78,82,74,79,77,84,92
64,NSW,762,702,794,824,928,"1,118","1,083","1,128","1,235","1,333","1,382","1,463","1,468","1,535","1,656","1,723","1,792","1,933","1,990","2,136","2,209","2,194","2,168","2,201","2,285","2,258"
64,Vic,147,133,158,165,199,216,258,248,270,291,273,336,315,353,368,387,404,391,438,420,457,455,503,489,561,575
64,QLD,500,480,548,604,683,747,825,865,904,1015,"1,020","1,080","1,129","1,219","1,260","1,330","1,498","1,528","1,561","1,650","1,743","1,822","1,857","1,863","1,928","1,874"
64,SA,109,104,124,119,112,143,145,161,168,175,179,222,216,235,270,264,274,299,304,329,309,349,360,357,361,386
64,WA,222,237,235,272,308,343,343,355,391,454,428,480,532,553,655,650,622,655,758,787,788,845,841,856,940,982
64,Tas,71,78,97,95,115,141,132,142,163,170,187,187,181,199,204,207,219,281,253,282,251,266,292,262,250,282
64,NT,192,163,162,190,239,233,236,219,272,354,314,355,397,426,549,441,511,506,509,615,587,597,635,615,817,746
64,ACT,10,10,10,12,13,18,13,12,23,29,29,41,39,39,41,46,52,65,52,55,77,81,74,79,77,83
65 and over,NSW,"6,818","7,247","7,603","8,031","8,475","9,008","9,710","10,362","11,037","11,801","12,639","13,464","14,351","15,225","16,152","17,171","18,235","19,340","20,557","21,794","23,154","24,544","25,890","27,171","28,449","29,777"
65 and over,Vic,"1,502","1,565","1,619","1,694","1,772","1,879","2,003","2,164","2,318","2,494","2,676","2,814","3,006","3,178","3,385","3,608","3,843","4,086","4,312","4,584","4,831","5,110","5,374","5,680","5,969","6,316"
65 and over,QLD,"4,130","4,426","4,689","5,013","5,379","5,816","6,308","6,861","7,441","8,041","8,742","9,362","10,034","10,744","11,522","12,329","13,185","14,186","15,193","16,208","17,280","18,416","19,590","20,769","21,922","23,108"
65 and over,SA,931,993,"1,049","1,122","1,186","1,240","1,323","1,405","1,500","1,599","1,702","1,797","1,939","2,069","2,215","2,394","2,563","2,738","2,933","3,127","3,342","3,536","3,763","3,995","4,222","4,445"
65 and over,WA,"2,028","2,136","2,253","2,361","2,502","2,667","2,864","3,054","3,249","3,469","3,748","4,043","4,388","4,774","5,170","5,659","6,134","6,574","7,036","7,594","8,169","8,731","9,337","9,922","10,502","11,153"
65 and over,Tas,891,917,949,998,1042,1105,1192,1271,1358,1462,"1,574","1,700","1,825","1,943","2,083","2,223","2,363","2,511","2,715","2,886","3,079","3,238","3,410","3,601","3,753","3,885"
65 and over,NT,"1,765","1,839","1,877","1,914","1,977","2,084","2,186","2,287","2,364","2,492","2,694","2,905","3,150","3,438","3,743","4,162","4,461","4,822","5,171","5,508","5,934","6,322","6,712","7,123","7,502","8,066"
65 and over,ACT,90,97,104,112,122,135,150,160,169,189,216,235,268,299,331,358,389,427,473,505,541,596,651,698,747,792
